match_id,set_no,game_no,point_no,p1_sets,p2_sets,p1_games,p2_games,set_diff,game_diff,speed_mph,rally_count,p1_ace,p2_ace,p1_double_fault,p2_double_fault,p1_unf_err,p2_unf_err,p1_winner,p2_winner,p1_net_pt,p2_net_pt,p1_net_pt_won,p2_net_pt_won,p1_break_pt,p2_break_pt,p1_break_pt_won,p2_break_pt_won,p1_break_pt_missed,p2_break_pt_missed,p1_recent_win_rate,recent_avg_rally,p1_recent_ufe_rate,p2_recent_ufe_rate,p1_recent_net_success,p2_recent_net_success,serve_width,serve_depth,return_depth,server,serve_no,point_victor,p1_won,p1_win_prob,momentum_score
0,1,3,21,0,0,1,1,0,0,114.0,2,0,0,0,0,0,0,0,0,0,0,0,0,0,0,0,0,0,0,1.5,2.6,0.0,0.1,0.0,0.999999000001,2,1,0,1,1,0,0,0.48958808183670044,0.48958808183670044
0,1,3,22,0,0,1,1,0,0,127.0,9,0,0,0,0,0,1,0,0,0,0,0,0,0,0,0,0,0,0,1.5,3.1,0.0,0.2,0.0,0.999999000001,0,1,1,1,1,1,1,0.4889697730541229,0.4892789274454117
0,1,3,23,0,0,1,1,0,0,103.0,1,0,0,0,0,0,0,0,0,0,0,0,0,0,0,0,0,0,0,1.5,2.8,0.0,0.1,0.0,0.999999000001,1,1,0,1,2,1,1,0.4879184365272522,0.48882543047269184
0,1,4,24,0,0,2,1,0,1,107.0,3,0,0,0,0,1,0,0,0,0,0,0,0,0,0,0,0,0,0,1.5,2.8,0.1,0.1,0.0,0.999999000001,1,1,1,2,2,0,0,0.48698049783706665,0.48836419731378555
0,1,4,25,0,0,2,1,0,1,111.0,3,0,0,0,0,0,0,0,0,0,0,0,0,0,0,0,0,0,0,1.5,3.0,0.1,0.1,0.0,0.999999000001,2,1,1,2,1,0,0,0.48462799191474915,0.48761695623397827
0,1,4,26,0,0,2,1,0,1,125.0,1,0,1,0,0,0,0,0,1,0,0,0,0,0,0,0,0,0,0,1.6,2.9,0.1,0.1,0.0,0.999999000001,3,1,-1,2,1,0,0,0.48409491777420044,0.4870299498240153
0,1,4,27,0,0,2,1,0,1,126.0,3,0,0,0,0,0,0,0,1,0,0,0,0,0,0,0,0,0,0,1.6,3.1,0.1,0.1,0.0,0.999999000001,4,1,-1,2,1,0,0,0.4839349687099457,0.4865878096648625
0,1,5,28,0,0,2,2,0,0,116.0,5,0,0,0,0,0,0,1,0,0,0,0,0,0,0,0,0,0,0,1.5,3.3,0.1,0.1,0.0,0.0,4,0,1,1,1,1,1,0.4831188917160034,0.4861541949212551
0,1,5,29,0,0,2,2,0,0,129.0,1,0,0,0,0,0,0,0,0,0,0,0,0,0,0,0,0,0,0,1.5,3.3,0.1,0.1,0.0,0.0,3,1,1,1,1,1,1,0.4832807183265686,0.48536577448248863
0,1,5,30,0,0,2,2,0,0,110.0,3,0,0,0,0,0,0,0,0,1,0,1,0,0,0,0,0,0,0,1.5,3.1,0.1,0.1,0.999999000001,0.0,1,1,1,1,1,1,1,0.484098881483078,0.484756913036108
0,1,5,31,0,0,2,2,0,0,113.0,2,0,0,0,0,1,0,0,0,0,0,0,0,0,0,0,0,0,0,1.5,3.1,0.2,0.1,0.999999000001,0.0,1,1,1,1,2,0,0,0.48332712054252625,0.4841829985380173
0,1,5,32,0,0,2,2,0,0,104.0,2,0,0,0,0,0,0,0,0,0,0,0,0,0,0,0,0,0,0,1.6,2.4,0.2,0.0,0.999999000001,0.0,1,1,0,1,2,0,0,0.48226699233055115,0.48359381034970284
0,1,5,33,0,0,2,2,0,0,111.0,2,0,0,0,0,1,0,0,0,0,0,0,0,0,0,0,0,0,0,1.7,2.5,0.3,0.0,0.999999000001,0.0,0,0,0,1,1,0,0,0.4806671440601349,0.48309870436787605
0,1,5,34,0,0,2,2,0,0,97.0,5,0,0,0,0,0,0,0,0,1,0,1,0,0,0,0,0,0,0,1.6,2.7,0.2,0.0,0.99999950000025,0.0,3,0,0,1,2,1,1,0.48195451498031616,0.4828311540186405
0,1,5,35,0,0,2,2,0,0,114.0,1,0,0,0,0,0,0,0,0,1,0,1,0,0,0,0,0,0,0,1.5,2.5,0.2,0.0,0.9999996666667778,0.0,3,1,0,1,1,1,1,0.479442834854126,0.48226963728666306
0,1,6,36,0,0,3,2,0,1,110.0,1,0,0,0,0,0,0,0,0,0,0,0,0,0,0,0,0,0,0,1.5,2.5,0.2,0.0,0.9999996666667778,0.0,4,0,1,2,1,0,0,0.48038753867149353,0.4819282181560993
0,1,6,37,0,0,3,2,0,1,90.0,6,0,0,0,0,0,1,0,0,0,0,0,0,0,0,0,0,0,0,1.4,2.8,0.2,0.1,0.9999996666667778,0.0,2,1,1,2,2,1,1,0.47712838649749756,0.48115917667746544
0,1,6,38,0,0,3,2,0,1,125.0,1,0,0,0,0,0,0,0,0,0,0,0,0,0,0,0,0,0,0,1.5,2.4,0.2,0.1,0.9999996666667778,0.0,3,1,0,2,1,0,0,0.4761173129081726,0.48016148060560226
0,1,6,39,0,0,3,2,0,1,127.0,1,0,0,0,0,0,0,0,0,0,0,0,0,0,0,0,0,0,0,1.6,2.4,0.2,0.1,0.9999996666667778,0.0,0,1,1,2,1,0,0,0.47742024064064026,0.4794231206178665
0,1,6,40,0,0,3,2,0,1,111.0,1,0,0,0,0,0,0,0,0,0,0,0,0,0,0,0,0,0,0,1.7,2.2,0.2,0.1,0.99999950000025,0.0,2,1,1,2,2,0,0,0.47752809524536133,0.4788307584822178
0,1,7,41,0,0,3,3,0,0,107.0,9,0,0,0,0,0,0,1,0,0,1,0,0,0,0,0,0,0,0,1.6,2.9,0.1,0.1,0.99999950000025,0.0,2,1,1,1,2,1,1,0.47742775082588196,0.4784258343279362
0,1,7,42,0,0,3,3,0,0,120.0,3,0,0,0,0,0,1,0,0,0,1,0,0,0,0,0,0,0,0,1.5,3.0,0.1,0.2,0.99999950000025,0.0,3,1,1,1,1,1,1,0.4772317409515381,0.4778354875743389
0,1,7,43,0,0,3,3,0,0,115.0,3,0,0,0,0,0,0,1,0,0,0,0,0,0,0,0,0,0,0,1.4,3.1,0.0,0.2,0.99999950000025,0.0,4,0,1,1,1,1,1,0.47705936431884766,0.4775375537574291
0,1,7,44,0,0,3,3,0,0,104.0,6,0,0,0,0,0,0,0,0,0,0,0,0,0,0,0,0,0,0,1.5,3.2,0.0,0.2,0.999999000001,0.0,2,1,0,1,2,0,0,0.4777549207210541,0.4772084765136242
0,1,7,45,0,0,3,3,0,0,101.0,5,0,0,0,0,0,0,0,0,0,1,0,0,0,0,0,0,0,0,1.5,3.6,0.0,0.2,0.0,0.0,0,1,0,1,2,1,1,0.47834107279777527,0.4773600623011589
0,1,8,46,0,0,4,3,0,1,132.0,1,0,0,0,0,0,0,0,0,0,0,0,0,0,0,0,0,0,0,1.5,3.6,0.0,0.2,0.0,0.0,3,0,0,2,1,0,0,0.48004645109176636,0.4778512045741081
0,1,8,47,0,0,4,3,0,1,0.0,0,0,0,0,1,0,1,0,0,0,0,0,0,0,0,0,0,0,0,1.5,3.0,0.0,0.2,0.0,0.0,4,0,-1,2,2,1,1,0.4773191809654236,0.47783857211470604
0,1,8,48,0,0,4,3,0,1,130.0,1,0,1,0,0,0,0,0,1,0,0,0,0,0,0,0,0,0,0,1.5,3.0,0.0,0.2,0.0,0.0,3,0,-1,2,1,0,0,0.49737486243247986,0.48031941801309586
0,1,8,49,0,0,4,3,0,1,101.0,6,0,0,0,0,0,1,0,0,0,0,0,0,0,0,0,0,0,0,1.4,3.5,0.0,0.3,0.0,0.0,2,1,0,2,2,1,1,0.47991740703582764,0.48063062503933907
0,1,8,50,0,0,4,3,0,1,106.0,16,0,0,0,0,0,0,1,0,0,1,0,0,0,0,0,0,0,0,1.3,5.0,0.0,0.3,0.0,0.0,0,1,0,2,2,1,1,0.48275601863861084,0.48132115975022316
0,1,8,51,0,0,4,3,0,1,106.0,6,0,0,0,0,0,1,0,0,0,0,0,0,1,0,1,0,0,0,1.3,4.7,0.0,0.4,0.0,0.0,0,1,1,2,2,1,1,0.48115110397338867,0.4818326272070408
0,1,9,52,0,0,5,3,0,2,115.0,1,0,0,0,0,0,0,0,0,0,0,0,0,0,0,0,0,0,0,1.3,4.5,0.0,0.3,0.0,0.0,2,1,0,1,1,1,1,0.4812312126159668,0.4822671636939049
0,1,9,53,0,0,5,3,0,2,100.0,2,0,0,0,0,0,0,0,0,0,0,0,0,0,0,0,0,0,0,1.4,4.4,0.0,0.3,0.0,0.0,2,1,0,1,2,0,0,0.4803372025489807,0.48251667991280556
0,1,9,54,0,0,5,3,0,2,122.0,1,0,0,0,0,0,0,0,0,0,0,0,0,0,0,0,0,0,0,1.3,3.9,0.0,0.3,0.0,0.0,1,1,0,1,1,1,1,0.4823704957962036,0.4828071855008602
0,1,9,55,0,0,5,3,0,2,115.0,4,0,0,0,0,0,0,0,0,1,0,0,0,0,0,0,0,0,0,1.4,3.8,0.0,0.3,0.0,0.0,3,1,1,1,1,0,0,0.4798136055469513,0.4831189885735512
0,1,9,56,0,0,5,3,0,2,129.0,3,0,0,0,0,0,0,0,0,1,0,1,0,0,0,0,0,0,0,1.3,4.0,0.0,0.3,0.499999750000125,0.0,3,1,1,1,1,1,1,0.4812205731868744,0.4810997024178505
0,1,9,57,0,0,5,3,0,2,113.0,2,0,0,0,0,1,0,0,0,1,0,0,0,0,0,0,0,0,0,1.4,4.2,0.1,0.2,0.3333332222222592,0.0,2,1,-1,1,1,0,0,0.4798649847507477,0.4810931496322155
0,1,9,58,0,0,5,3,0,2,114.0,7,0,0,0,0,0,0,0,0,0,1,0,0,0,0,0,0,0,0,1.3,4.8,0.1,0.2,0.3333332222222592,0.0,2,1,0,1,1,1,1,0.4827682375907898,0.48109467700123787
0,1,9,59,0,0,5,3,0,2,88.0,4,0,0,0,0,0,0,0,1,0,1,0,1,0,0,0,0,0,0,1.4,4.6,0.1,0.1,0.3333332222222592,0.3333332222222592,2,1,1,1,2,0,0,0.482276976108551,0.48123541101813316
0,1,9,60,0,0,5,3,0,2,123.0,6,0,0,0,0,0,0,0,1,0,1,0,1,0,0,0,0,0,0,1.5,3.6,0.1,0.1,0.3333332222222592,0.6666664444445185,1,1,0,1,1,0,0,0.4874691963195801,0.4820151589810848
0,1,9,61,0,0,5,3,0,2,121.0,7,0,0,0,0,0,0,1,0,0,0,0,0,0,1,0,0,0,1,1.5,3.7,0.1,0.0,0.3333332222222592,0.6666664444445185,1,1,1,1,1,1,1,0.48362070322036743,0.48242559656500816
0,1,9,62,0,0,5,3,0,2,130.0,1,0,0,0,0,0,0,0,0,0,0,0,0,0,0,0,0,0,0,1.5,3.7,0.1,0.0,0.3333332222222592,0.6666664444445185,3,1,1,1,1,1,1,0.48497462272644043,0.48275111243128777
0,1,9,63,0,0,5,3,0,2,132.0,3,0,0,0,0,0,1,0,0,1,0,1,0,0,0,0,0,0,0,1.4,3.8,0.1,0.1,0.4999998750000312,0.6666664444445185,2,1,1,1,1,1,1,0.4832102954387665,0.48317569866776466
0,2,1,64,1,0,0,0,1,0,123.0,1,0,1,0,0,0,0,0,1,0,0,0,0,0,0,0,0,0,0,1.5,3.8,0.1,0.1,0.4999998750000312,0.6666664444445185,3,1,-1,2,1,0,0,0.48330897092819214,0.4834367483854294
0,2,1,65,1,0,0,0,1,0,117.0,1,0,1,0,0,0,0,0,1,0,0,0,0,0,0,0,0,0,0,1.5,3.5,0.1,0.1,0.6666664444445185,0.6666664444445185,3,1,-1,2,1,0,0,0.4854043126106262,0.4841291643679142
0,2,1,66,1,0,0,0,1,0,123.0,1,0,0,0,0,0,0,0,0,0,1,0,1,0,0,0,0,0,0,1.6,3.3,0.1,0.1,0.499999750000125,0.7499998125000469,0,1,1,2,1,0,0,0.4868990182876587,0.4846455119550228
0,2,1,67,1,0,0,0,1,0,122.0,1,0,0,0,0,0,0,0,0,0,0,0,0,0,0,0,0,0,0,1.6,3.2,0.0,0.1,0.999999000001,0.7499998125000469,3,0,1,2,1,0,0,0.4895228147506714,0.48555124178528786
0,2,2,68,1,0,0,1,1,-1,127.0,1,1,0,0,0,0,0,1,0,0,0,0,0,0,0,0,0,0,0,1.6,2.6,0.0,0.1,0.999999000001,0.9999996666667778,3,1,-1,1,1,1,1,0.4930972456932068,0.4862547479569912
0,2,2,69,1,0,0,1,1,-1,102.0,1,0,0,0,0,0,0,0,0,0,0,0,0,0,0,0,0,0,0,1.5,2.3,0.0,0.1,0.999999000001,0.99999950000025,2,1,1,1,2,1,1,0.4941951036453247,0.48757654801011086
0,2,2,70,1,0,0,1,1,-1,111.0,2,0,0,0,0,0,0,0,1,0,0,0,0,0,0,0,0,0,0,1.5,1.9,0.0,0.1,0.999999000001,0.999999000001,2,1,0,1,2,0,0,0.497813880443573,0.4891814552247524
0,2,2,71,1,0,0,1,1,-1,118.0,12,0,0,0,0,1,0,0,0,0,0,0,0,0,0,0,0,0,0,1.6,2.4,0.1,0.1,0.999999000001,0.999999000001,1,1,0,1,1,0,0,0.49898046255111694,0.49115272611379623
0,2,2,72,1,0,0,1,1,-1,126.0,1,1,0,0,0,0,0,1,0,0,0,0,0,0,0,0,0,0,0,1.6,2.4,0.1,0.1,0.999999000001,0.999999000001,3,1,-1,1,1,1,1,0.5023267269134521,0.49352994561195374
0,2,2,73,1,0,0,1,1,-1,97.0,2,0,0,0,0,1,0,0,0,0,0,0,0,0,0,0,0,0,0,1.7,2.3,0.2,0.0,0.0,0.999999000001,4,0,1,1,2,0,0,0.49940916895866394,0.49528055265545845
0,2,2,74,1,0,0,1,1,-1,105.0,2,0,0,0,0,1,0,0,0,0,0,0,0,0,0,0,0,0,0,1.7,2.4,0.3,0.0,0.0,0.999999000001,1,1,0,1,2,0,0,0.503932774066925,0.49740977212786674
0,2,2,75,1,0,0,1,1,-1,129.0,2,0,0,0,0,0,0,0,0,0,0,0,0,0,1,0,1,0,0,1.7,2.5,0.3,0.0,0.0,0.999999000001,0,1,1,1,1,0,0,0.5051823854446411,0.49936721846461296
0,2,3,76,1,0,0,2,1,-2,126.0,1,0,0,0,0,0,0,0,0,0,0,0,0,0,0,0,0,0,0,1.7,2.5,0.3,0.0,0.0,0.0,3,0,0,2,1,0,0,0.5024600625038147,0.500537570565939
0,2,3,77,1,0,0,2,1,-2,128.0,1,0,0,0,0,0,0,0,0,0,0,0,0,0,0,0,0,0,0,1.7,2.5,0.3,0.0,0.0,0.0,4,0,1,2,1,0,0,0.5017730593681335,0.50148481503129
0,2,3,78,1,0,0,2,1,-2,108.0,3,0,0,0,0,0,0,0,1,0,0,0,0,0,0,0,0,0,0,1.8,2.7,0.3,0.0,0.0,0.0,2,1,0,2,1,0,0,0.5011692047119141,0.5019042305648327
0,2,3,79,1,0,0,2,1,-2,101.0,7,0,0,0,0,1,0,0,0,0,0,0,0,0,0,0,0,0,0,1.9,3.3,0.4,0.0,0.0,0.0,4,0,0,2,2,0,0,0.5056155323982239,0.502733614295721
0,2,4,80,1,0,0,3,1,-3,106.0,10,0,0,0,0,0,0,0,0,0,0,0,0,0,0,0,0,0,0,1.9,4.1,0.4,0.0,0.0,0.0,0,1,0,1,2,0,0,0.5087251663208008,0.5035334192216396
0,2,4,81,1,0,0,3,1,-3,111.0,1,0,0,0,0,0,0,0,0,0,0,0,0,0,0,0,0,0,0,1.8,3.0,0.3,0.0,0.0,0.0,3,1,1,1,1,1,1,0.5108416080474854,0.5049624741077423
0,2,4,82,1,0,0,3,1,-3,110.0,1,1,0,0,0,0,0,1,0,0,0,0,0,0,0,0,0,0,0,1.8,3.0,0.3,0.0,0.0,0.0,4,0,-1,1,1,1,1,0.508583664894104,0.5055438354611397
0,2,4,83,1,0,0,3,1,-3,119.0,8,0,0,0,0,0,0,0,0,0,0,0,0,0,0,0,0,0,0,1.8,3.6,0.2,0.0,0.0,0.0,3,0,0,1,1,0,0,0.5099596977233887,0.5061409994959831
0,2,4,84,1,0,0,3,1,-3,95.0,4,0,0,0,0,0,0,0,1,0,1,0,1,0,0,0,0,0,0,1.8,3.8,0.1,0.0,0.0,0.999999000001,3,1,1,1,2,0,0,0.5100677609443665,0.5070919618010521
0,2,4,85,1,0,0,3,1,-3,95.0,3,0,0,0,0,0,1,0,0,0,0,0,0,0,1,0,0,0,1,1.7,3.9,0.1,0.1,0.0,0.999999000001,0,1,1,1,2,1,1,0.5137748122215271,0.5085921809077263
0,2,4,86,1,0,0,3,1,-3,102.0,3,0,0,0,0,0,1,0,0,0,0,0,0,0,0,0,0,0,0,1.6,4.1,0.1,0.2,0.0,0.999999000001,2,0,1,1,1,1,1,0.5161061882972717,0.510459303855896
0,2,4,87,1,0,0,3,1,-3,120.0,11,0,0,0,0,0,0,0,0,0,0,0,0,0,0,0,0,0,0,1.5,5.1,0.1,0.2,0.0,0.999999000001,0,1,0,1,2,1,1,0.5153549313545227,0.5116767287254333
0,2,5,88,1,0,1,3,1,-2,113.0,5,0,0,0,0,0,0,0,1,0,0,0,0,0,0,0,0,0,0,1.5,5.3,0.1,0.2,0.0,0.999999000001,4,0,0,2,1,0,0,0.5142709612846375,0.5123699530959129
0,2,5,89,1,0,1,3,1,-2,128.0,1,0,0,0,0,0,0,0,0,0,1,0,1,0,0,0,0,0,0,1.5,4.7,0.0,0.2,0.0,0.99999950000025,4,1,0,2,1,0,0,0.5120585560798645,0.5125220715999603
0,2,5,90,1,0,1,3,1,-2,111.0,6,0,0,0,0,0,0,1,0,0,1,0,0,0,0,0,0,0,0,1.4,4.3,0.0,0.2,0.0,0.6666664444445185,3,1,1,2,2,1,1,0.509130597114563,0.5125904381275177
0,2,5,91,1,0,1,3,1,-2,131.0,8,0,0,0,0,0,1,0,0,0,0,0,0,0,0,0,0,0,0,1.4,5.0,0.0,0.3,0.0,0.6666664444445185,2,1,0,2,1,1,1,0.5136772990226746,0.5130551382899284
0,2,5,92,1,0,1,3,1,-2,134.0,10,0,0,0,0,0,1,0,0,0,0,0,0,0,0,0,0,0,0,1.4,5.9,0.0,0.4,0.0,0.6666664444445185,3,1,0,2,1,1,1,0.5111217498779297,0.5131868869066238
0,2,5,93,1,0,1,3,1,-2,123.0,5,0,0,0,0,0,0,0,0,0,1,0,1,1,0,0,0,1,0,1.4,5.6,0.0,0.4,0.0,0.7499998125000469,0,1,1,2,1,0,0,0.510816752910614,0.5128171294927597
0,2,5,94,1,0,1,3,1,-2,107.0,10,0,0,0,0,0,0,0,0,0,0,0,0,0,0,0,0,0,0,1.3,6.2,0.0,0.4,0.0,0.6666664444445185,3,1,1,2,2,1,1,0.5124785900115967,0.5123636797070503
0,2,5,95,1,0,1,3,1,-2,118.0,3,0,0,0,0,0,0,0,0,0,1,0,1,1,0,0,0,1,0,1.4,6.2,0.0,0.3,0.0,0.7499998125000469,4,0,1,2,1,0,0,0.517038106918335,0.5125740766525269
0,2,5,96,1,0,1,3,1,-2,131.0,1,0,0,0,0,0,0,0,0,0,0,0,0,0,0,0,0,0,0,1.5,6.0,0.0,0.2,0.0,0.7499998125000469,3,1,1,2,1,0,0,0.5131973028182983,0.5124398693442345
0,2,5,97,1,0,1,3,1,-2,129.0,5,0,0,0,0,0,0,0,1,0,1,0,1,0,0,0,0,0,0,1.6,5.4,0.0,0.2,0.0,0.799999840000032,2,1,-1,2,1,0,0,0.5104154944419861,0.5122344866394997
0,2,6,98,1,0,1,4,1,-3,115.0,2,0,0,0,0,0,0,0,0,0,0,0,0,0,0,0,0,0,0,1.6,5.1,0.0,0.2,0.0,0.799999840000032,3,1,1,1,2,0,0,0.5128788352012634,0.5127030164003372
0,2,6,99,1,0,1,4,1,-3,109.0,1,0,0,0,0,0,0,0,0,0,0,0,0,0,0,0,0,0,0,1.5,5.1,0.0,0.2,0.0,0.7499998125000469,3,1,1,1,1,1,1,0.5167681574821472,0.5130893737077713
0,2,6,100,1,0,1,4,1,-3,91.0,2,0,0,0,0,1,0,0,0,0,0,0,0,0,0,0,0,0,0,1.6,4.7,0.1,0.2,0.0,0.9999996666667778,3,1,1,1,2,0,0,0.5196159482002258,0.5141511484980583
0,2,6,101,1,0,1,4,1,-3,126.0,1,0,0,0,0,0,0,0,0,0,0,0,0,0,0,0,0,0,0,1.6,4.0,0.1,0.1,0.0,0.9999996666667778,4,1,1,1,1,1,1,0.5233384966850281,0.5157163664698601
0,2,6,102,1,0,1,4,1,-3,108.0,1,0,0,0,0,0,0,0,0,0,0,0,0,0,0,0,0,0,0,1.6,3.1,0.1,0.0,0.0,0.9999996666667778,0,1,0,1,1,1,1,0.516651451587677,0.5162379741668701
0,2,6,103,1,0,1,4,1,-3,97.0,10,0,0,0,0,0,0,0,1,0,0,0,0,0,0,0,0,0,0,1.6,3.6,0.1,0.0,0.0,0.99999950000025,4,1,0,1,1,0,0,0.5232493281364441,0.5170143768191338
0,2,6,104,1,0,1,4,1,-3,127.0,3,0,0,0,0,0,0,1,0,1,0,1,0,0,0,0,0,0,0,1.6,2.9,0.1,0.0,0.999999000001,0.99999950000025,3,1,-1,1,1,1,1,0.5258552432060242,0.5185966193675995
0,2,6,105,1,0,1,4,1,-3,121.0,1,0,0,0,0,0,0,1,0,0,0,0,0,0,0,0,0,0,0,1.5,2.7,0.1,0.0,0.999999000001,0.999999000001,3,1,-1,1,2,1,1,0.5220139622688293,0.5200464278459549
0,2,7,106,1,0,2,4,1,-2,118.0,4,0,0,0,0,0,1,0,0,0,0,0,0,0,0,0,0,0,0,1.4,3.0,0.1,0.1,0.999999000001,0.999999000001,1,1,0,2,1,1,1,0.5223110914230347,0.5212254598736763
0,2,7,107,1,0,2,4,1,-2,128.0,3,0,0,0,0,1,0,0,0,0,0,0,0,0,0,0,0,0,0,1.4,2.8,0.2,0.1,0.999999000001,0.0,4,1,0,2,1,0,0,0.5224580764770508,0.5219366997480392
0,2,7,108,1,0,2,4,1,-2,132.0,3,0,0,0,0,1,0,0,0,0,0,0,0,0,0,0,0,0,0,1.4,2.9,0.3,0.1,0.999999000001,0.0,3,1,0,2,1,0,0,0.5206590890884399,0.522067092359066
0,2,7,109,1,0,2,4,1,-2,125.0,3,0,0,0,0,0,0,0,1,0,1,0,1,0,0,0,0,0,0,1.5,3.1,0.3,0.1,0.999999000001,0.999999000001,4,0,-1,2,1,0,0,0.5205104351043701,0.5217135846614838
0,2,7,110,1,0,2,4,1,-2,108.0,2,0,0,0,0,0,0,0,0,0,0,0,0,0,0,0,0,0,0,1.4,3.1,0.2,0.1,0.999999000001,0.999999000001,4,1,1,2,1,1,1,0.5220612287521362,0.5223898068070412
0,2,7,111,1,0,2,4,1,-2,98.0,8,0,0,0,0,0,1,0,0,0,1,0,0,0,0,0,0,0,0,1.4,3.8,0.2,0.2,0.999999000001,0.499999750000125,2,1,1,2,2,1,1,0.5239916443824768,0.5224825963377953
0,2,7,112,1,0,2,4,1,-2,115.0,8,0,0,0,0,0,1,0,0,0,0,0,0,0,0,0,0,0,0,1.4,4.5,0.2,0.3,0.999999000001,0.499999750000125,1,1,0,2,2,1,1,0.5258321166038513,0.5224797055125237
0,2,7,113,1,0,2,4,1,-2,120.0,1,0,0,0,0,0,0,0,0,0,0,0,0,1,0,0,0,1,0,1.4,3.6,0.2,0.3,0.999999000001,0.499999750000125,3,0,1,2,1,0,0,0.5253612995147705,0.5228981226682663
0,2,7,114,1,0,2,4,1,-2,130.0,7,0,0,0,0,0,0,0,1,0,1,0,1,0,0,0,0,0,0,1.5,4.0,0.2,0.3,0.0,0.6666664444445185,3,1,0,2,1,0,0,0.5243046879768372,0.5231473222374916
0,2,7,115,1,0,2,4,1,-2,124.0,4,0,0,0,0,0,1,0,0,0,1,0,0,0,0,0,0,0,0,1.5,4.3,0.2,0.4,0.0,0.4999998750000312,2,1,0,2,1,1,1,0.523369312286377,0.5232612267136574
0,2,7,116,1,0,2,4,1,-2,113.0,6,0,0,0,0,0,0,0,0,0,1,0,0,0,0,0,0,0,0,1.5,4.5,0.2,0.3,0.0,0.399999920000016,0,0,1,2,2,1,1,0.5243407487869263,0.5237214341759682
0,2,7,117,1,0,2,4,1,-2,130.0,2,0,0,0,0,0,1,0,0,0,0,0,0,1,0,1,0,0,0,1.4,4.4,0.1,0.4,0.0,0.399999920000016,2,1,1,2,1,1,1,0.5274235606193542,0.5245855748653412
0,2,8,118,1,0,3,4,1,-1,109.0,1,0,0,0,0,0,0,0,0,0,0,0,0,0,0,0,0,0,0,1.3,4.2,0.0,0.4,0.0,0.399999920000016,4,0,1,1,1,1,1,0.5238913297653198,0.5248143374919891
0,2,8,119,1,0,3,4,1,-1,91.0,1,0,0,0,0,0,0,0,0,0,0,0,0,0,0,0,0,0,0,1.2,4.0,0.0,0.4,0.0,0.2499999375000156,2,1,0,1,2,1,1,0.5261192917823792,0.5250802934169769
0,2,8,120,1,0,3,4,1,-1,100.0,3,0,0,0,0,0,1,0,0,0,1,0,0,0,0,0,0,0,0,1.2,4.1,0.0,0.5,0.0,0.199999960000008,0,1,0,1,2,1,1,0.5251390933990479,0.5249936655163765
0,2,8,121,1,0,3,4,1,-1,113.0,3,0,0,0,0,0,0,1,0,0,0,0,0,0,0,0,0,0,0,1.2,3.6,0.0,0.4,0.0,0.2499999375000156,3,0,1,1,1,1,1,0.5253846049308777,0.5249965786933899
0,2,9,122,1,0,4,4,1,0,130.0,2,0,0,0,0,0,0,0,0,0,0,0,0,0,0,0,0,0,0,1.2,3.0,0.0,0.3,0.0,0.2499999375000156,1,1,0,2,1,1,1,0.5261849164962769,0.5252316072583199
0,2,9,123,1,0,4,4,1,0,125.0,1,0,1,0,0,0,0,0,1,0,0,0,0,0,0,0,0,0,0,1.2,3.0,0.0,0.3,0.0,0.2499999375000156,3,1,-1,2,1,0,0,0.5235638618469238,0.5252559259533882
0,2,9,124,1,0,4,4,1,0,106.0,1,0,0,0,0,0,0,0,0,0,0,0,0,0,0,0,0,0,0,1.2,2.4,0.0,0.3,0.0,0.0,3,1,1,2,2,0,0,0.5234033465385437,0.5251387506723404
0,2,9,125,1,0,4,4,1,0,123.0,1,0,1,0,0,0,0,0,1,0,0,0,0,0,0,0,0,0,0,1.3,2.1,0.0,0.2,0.0,0.0,3,1,0,2,1,0,0,0.525627851486206,0.5249142870306969
0,2,9,126,1,0,4,4,1,0,126.0,3,0,0,0,0,0,0,0,0,0,0,0,0,0,0,0,0,0,0,1.4,1.8,0.0,0.2,0.0,0.0,3,1,0,2,1,0,0,0.5238907933235168,0.5249142199754715
0,2,10,127,1,0,4,5,1,-1,127.0,1,0,0,0,0,0,0,0,0,0,0,0,0,0,0,0,0,0,0,1.4,1.7,0.0,0.1,0.0,0.0,3,1,0,1,1,1,1,0.5248479247093201,0.5247552990913391
0,2,10,128,1,0,4,5,1,-1,119.0,6,0,0,0,0,0,0,0,0,0,0,0,0,0,0,0,0,0,0,1.5,2.2,0.0,0.1,0.0,0.0,1,1,0,1,2,0,0,0.5259503722190857,0.5248567089438438
0,2,10,129,1,0,4,5,1,-1,91.0,1,0,0,0,0,0,1,0,0,0,0,0,0,0,0,0,0,0,0,1.5,2.2,0.0,0.2,0.0,0.0,3,1,1,1,2,1,1,0.5281499624252319,0.5252023786306381
0,2,10,130,1,0,4,5,1,-1,115.0,7,0,0,0,0,0,0,0,0,0,0,0,0,0,0,0,0,0,0,1.5,2.6,0.0,0.1,0.0,0.0,1,1,1,1,1,1,1,0.5263386964797974,0.5252216011285782
0,2,10,131,1,0,4,5,1,-1,114.0,2,0,0,0,0,0,0,0,0,0,0,0,0,0,0,0,0,0,0,1.6,2.5,0.0,0.1,0.0,0.0,2,1,-1,1,1,0,0,0.5271977186203003,0.5256758332252502
0,2,10,132,1,0,4,5,1,-1,119.0,5,0,0,0,0,0,0,0,0,0,0,0,0,0,0,0,0,0,0,1.6,2.8,0.0,0.1,0.0,0.0,3,1,1,1,1,1,1,0.5271843671798706,0.5261484608054161
0,2,11,133,1,0,5,5,1,0,111.0,1,0,1,0,0,0,0,0,1,0,0,0,0,0,0,0,0,0,0,1.6,2.8,0.0,0.1,0.0,0.0,4,0,-1,2,1,0,0,0.5271297693252563,0.5263362005352974
0,2,11,134,1,0,5,5,1,0,132.0,1,0,0,0,0,0,0,0,0,0,0,0,0,0,0,0,0,0,0,1.6,2.8,0.0,0.1,0.0,0.0,0,0,0,2,1,0,0,0.5255533456802368,0.5265440195798874
0,2,11,135,1,0,5,5,1,0,105.0,2,0,0,0,0,0,1,0,0,0,0,0,0,0,0,0,0,0,0,1.5,2.9,0.0,0.2,0.0,0.0,3,1,0,2,2,1,1,0.5256803035736084,0.5266480669379234
0,2,11,136,1,0,5,5,1,0,132.0,3,0,0,0,0,0,0,0,0,0,0,0,0,0,0,0,0,0,0,1.5,2.9,0.0,0.2,0.0,0.0,2,0,1,2,1,0,0,0.5254967212677002,0.5265913605690002
0,2,11,137,1,0,5,5,1,0,100.0,1,0,0,0,0,0,0,0,0,0,0,0,0,0,0,0,0,0,0,1.6,2.9,0.0,0.2,0.0,0.0,1,1,0,2,2,0,0,0.5254801511764526,0.5262576341629028
0,2,12,138,1,0,5,6,1,-1,129.0,1,1,0,0,0,0,0,1,0,0,0,0,0,0,0,0,0,0,0,1.5,2.4,0.0,0.2,0.0,0.0,3,1,0,1,1,1,1,0.524930477142334,0.5260816067457199
0,2,12,139,1,0,5,6,1,-1,98.0,1,0,0,0,0,0,0,0,0,0,0,0,0,0,0,0,0,0,0,1.5,2.4,0.0,0.1,0.0,0.0,2,1,1,1,2,1,1,0.5264024138450623,0.5259821936488152
0,2,12,140,1,0,5,6,1,-1,122.0,1,0,0,0,0,0,0,0,0,0,0,0,0,0,0,0,0,0,0,1.5,1.8,0.0,0.1,0.0,0.0,1,1,1,1,2,1,1,0.5255030393600464,0.5257720276713371
0,2,12,141,1,0,5,6,1,-1,129.0,3,0,0,0,0,0,0,0,0,0,1,0,0,0,0,0,0,0,0,1.4,1.9,0.0,0.1,0.0,0.0,1,1,1,1,1,1,1,0.5263195037841797,0.5256707444787025
0,2,13,142,1,0,6,6,1,0,128.0,15,0,0,0,0,0,0,0,0,0,0,0,0,0,0,0,0,0,0,1.5,2.9,0.0,0.1,0.0,0.0,3,1,1,2,1,0,0,0.5268269181251526,0.525829941034317
0,2,13,143,1,0,6,6,1,0,127.0,1,0,0,0,0,0,0,0,0,0,0,0,0,0,0,0,0,0,0,1.4,2.9,0.0,0.1,0.0,0.0,0,1,0,1,1,1,1,0.5277706980705261,0.5260912403464317
0,2,13,144,1,0,6,6,1,0,100.0,13,0,0,0,0,0,0,0,0,0,0,0,0,0,0,0,0,0,0,1.3,4.1,0.0,0.1,0.0,0.0,1,1,1,1,2,1,1,0.5272770524024963,0.5263137817382812
0,2,13,145,1,0,6,6,1,0,128.0,1,0,0,0,0,0,0,0,1,0,0,0,0,0,0,0,0,0,0,1.4,4.0,0.0,0.0,0.0,0.0,4,0,1,2,1,0,0,0.5263378620147705,0.526420995593071
0,2,13,146,1,0,6,6,1,0,130.0,1,0,1,0,0,0,0,0,1,0,0,0,0,0,0,0,0,0,0,1.4,3.8,0.0,0.0,0.0,0.0,3,0,-1,2,1,0,0,0.5259082317352295,0.5265432149171829
0,2,13,147,1,0,6,6,1,0,119.0,5,0,0,0,0,0,0,0,0,1,0,1,0,0,0,0,0,0,0,1.3,4.2,0.0,0.0,0.999999000001,0.0,1,1,1,1,1,1,1,0.525117814540863,0.526382640004158
0,2,13,148,1,0,6,6,1,0,111.0,1,0,0,0,0,0,0,0,0,0,0,0,0,0,0,0,0,0,0,1.3,4.2,0.0,0.0,0.999999000001,0.0,4,0,0,1,1,1,1,0.5270044207572937,0.5265703126788139
0,2,13,149,1,0,6,6,1,0,127.0,1,0,0,0,0,0,0,0,0,0,0,0,0,0,0,0,0,0,0,1.4,4.2,0.0,0.0,0.999999000001,0.0,0,1,0,2,1,0,0,0.5252968668937683,0.5264424830675125
0,2,13,150,1,0,6,6,1,0,104.0,3,0,0,0,0,1,0,0,0,0,0,0,0,0,0,0,0,0,0,1.5,4.4,0.1,0.0,0.999999000001,0.0,0,1,0,2,2,0,0,0.5249515771865845,0.5262080654501915
0,2,13,151,1,0,6,6,1,0,130.0,5,0,0,0,0,0,0,1,0,0,1,0,0,0,0,0,0,0,0,1.5,4.6,0.1,0.0,0.999999000001,0.0,0,0,1,1,1,1,1,0.5240324139595032,0.5257407799363136
0,2,13,152,1,0,6,6,1,0,129.0,3,0,0,0,0,0,0,1,0,1,0,1,0,0,0,0,0,0,0,1.4,3.4,0.1,0.0,0.99999950000025,0.0,1,0,1,1,1,1,1,0.5258418917655945,0.5255613848567009
0,2,13,153,1,0,6,6,1,0,129.0,3,0,0,0,0,0,0,0,0,0,1,0,1,0,0,0,0,0,0,1.5,3.6,0.1,0.0,0.99999950000025,0.499999750000125,4,0,-1,2,1,0,0,0.5277130007743835,0.5257332772016525
0,2,13,154,1,0,6,6,1,0,128.0,1,0,0,0,0,0,0,0,0,0,0,0,0,0,0,0,0,0,0,1.6,2.4,0.1,0.0,0.99999950000025,0.499999750000125,3,1,1,2,1,0,0,0.526239275932312,0.5257746577262878
0,2,13,155,1,0,6,6,1,0,122.0,4,0,0,0,0,0,0,0,0,0,0,0,0,0,0,0,0,0,0,1.6,2.7,0.1,0.0,0.99999950000025,0.499999750000125,1,1,1,1,1,0,0,0.5258398652076721,0.525864914059639
0,3,1,156,1,1,0,0,0,0,96.0,7,0,0,0,0,0,1,0,0,0,0,0,0,0,0,0,0,0,0,1.5,3.3,0.1,0.1,0.99999950000025,0.499999750000125,0,0,0,1,2,1,1,0.5260763168334961,0.5257489010691643
0,3,1,157,1,1,0,0,0,0,96.0,4,0,0,0,0,0,0,0,0,0,1,0,1,0,0,0,0,0,0,1.6,3.2,0.1,0.1,0.999999000001,0.6666664444445185,0,1,1,1,2,0,0,0.5214716196060181,0.5252707451581955
0,3,1,158,1,1,0,0,0,0,126.0,1,0,0,0,0,0,0,0,0,0,0,0,0,0,0,0,0,0,0,1.6,3.2,0.1,0.1,0.999999000001,0.6666664444445185,3,0,1,1,2,1,1,0.5195580124855042,0.5245965495705605
0,3,1,159,1,1,0,0,0,0,0.0,0,0,0,1,0,1,0,0,0,0,0,0,0,0,0,0,0,0,0,1.6,3.1,0.2,0.1,0.999999000001,0.6666664444445185,0,0,1,1,2,0,0,0.5229716300964355,0.524463951587677
0,3,1,160,1,1,0,0,0,0,113.0,1,0,0,0,0,0,0,0,0,0,0,0,0,0,0,0,0,0,0,1.5,2.9,0.1,0.1,0.999999000001,0.6666664444445185,4,0,0,1,1,1,1,0.5376695990562439,0.5259424149990082
0,3,1,161,1,1,0,0,0,0,113.0,1,0,0,0,0,0,0,0,0,0,0,0,0,0,0,0,0,0,0,1.5,2.5,0.1,0.1,0.999999000001,0.99999950000025,3,1,1,1,1,1,1,0.5272007584571838,0.5258783847093582
0,3,2,162,1,1,1,0,0,1,126.0,8,0,0,0,0,0,0,0,0,1,0,1,0,0,0,0,0,0,0,1.5,3.0,0.1,0.1,0.999999000001,0.99999950000025,3,1,1,2,1,1,1,0.525883674621582,0.525833934545517
0,3,2,163,1,1,1,0,0,1,130.0,1,0,0,0,0,0,0,0,0,0,1,0,1,0,0,0,0,0,0,1.5,2.8,0.1,0.1,0.999999000001,0.99999950000025,4,1,1,2,1,0,0,0.5264518857002258,0.5259104371070862
0,3,2,164,1,1,1,0,0,1,109.0,3,0,0,0,0,0,0,0,1,0,0,0,0,0,0,0,0,0,0,1.5,3.0,0.1,0.1,0.999999000001,0.99999950000025,0,1,1,2,2,0,0,0.5247454643249512,0.5257440805435181
0,3,2,165,1,1,1,0,0,1,128.0,2,0,0,0,0,0,0,0,0,0,0,0,0,0,0,0,0,0,0,1.4,2.8,0.1,0.1,0.999999000001,0.99999950000025,2,1,0,2,1,1,1,0.5229284167289734,0.5259261801838875
0,3,2,166,1,1,1,0,0,1,130.0,4,0,0,0,0,0,1,0,0,0,1,0,0,0,0,0,0,0,0,1.4,2.5,0.1,0.1,0.999999000001,0.6666664444445185,3,1,1,2,1,1,1,0.5242682695388794,0.5265149623155594
0,3,2,167,1,1,1,0,0,1,127.0,3,0,0,0,0,0,0,0,1,0,1,0,1,1,0,0,0,1,0,1.4,2.4,0.1,0.1,0.999999000001,0.6666664444445185,4,0,-1,2,1,0,0,0.5243523716926575,0.5266875550150871
0,3,2,168,1,1,1,0,0,1,114.0,2,0,0,0,0,0,1,0,0,0,0,0,0,0,0,0,0,0,0,1.4,2.5,0.1,0.2,0.999999000001,0.6666664444445185,2,1,1,2,2,1,1,0.5239794850349426,0.5249762907624245
0,3,2,169,1,1,1,0,0,1,130.0,1,0,0,0,0,0,0,0,0,0,0,0,0,1,0,0,0,1,0,1.4,2.6,0.0,0.2,0.999999000001,0.6666664444445185,4,0,1,2,1,0,0,0.5225908160209656,0.5244000479578972
0,3,2,170,1,1,1,0,0,1,118.0,3,0,0,0,0,0,0,0,1,0,0,0,0,0,0,0,0,0,0,1.5,2.8,0.0,0.2,0.999999000001,0.6666664444445185,2,1,1,2,1,0,0,0.5237653255462646,0.5241352543234825
0,3,2,171,1,1,1,0,0,1,0.0,0,0,0,0,1,0,1,0,0,0,0,0,0,0,0,0,0,0,0,1.5,2.7,0.0,0.3,0.999999000001,0.6666664444445185,0,0,-1,2,2,1,1,0.5233339667320251,0.5237455144524574
0,3,2,172,1,1,1,0,0,1,129.0,1,0,0,0,0,0,0,0,0,0,0,0,0,0,0,0,0,0,0,1.6,2.0,0.0,0.3,0.0,0.6666664444445185,3,0,1,2,1,0,0,0.5353728532791138,0.5250739380717278
0,3,2,173,1,1,1,0,0,1,128.0,5,0,0,0,0,0,0,0,1,0,1,0,1,0,0,0,0,0,0,1.6,2.4,0.0,0.3,0.0,0.6666664444445185,4,1,1,2,1,0,0,0.5279286503791809,0.5256989672780037
0,3,3,174,1,1,1,1,0,0,92.0,7,0,0,0,0,0,0,1,0,0,0,0,0,0,0,0,0,0,0,1.5,2.8,0.0,0.3,0.0,0.6666664444445185,3,1,1,1,2,1,1,0.5264158844947815,0.5259674191474915
0,3,3,175,1,1,1,1,0,0,114.0,3,0,0,0,0,0,0,1,0,0,0,0,0,0,0,0,0,0,0,1.5,2.9,0.0,0.3,0.0,0.6666664444445185,3,1,1,1,1,1,1,0.5218284726142883,0.5256519317626953
0,3,3,176,1,1,1,1,0,0,127.0,6,0,0,0,0,0,0,0,1,0,0,0,0,0,0,0,0,0,0,1.6,3.1,0.0,0.2,0.0,0.99999950000025,3,1,0,1,1,0,0,0.5235392451286316,0.5255969017744064
0,3,3,177,1,1,1,1,0,0,95.0,4,0,0,0,0,1,0,0,0,0,0,0,0,0,0,0,0,0,0,1.6,3.2,0.1,0.2,0.0,0.999999000001,2,0,1,1,2,0,0,0.5245522856712341,0.52584208548069
0,3,3,178,1,1,1,1,0,0,104.0,3,0,0,0,0,0,1,0,0,0,0,0,0,0,0,0,0,0,0,1.6,3.3,0.1,0.2,0.0,0.999999000001,1,1,0,1,2,1,1,0.5203392505645752,0.5254138261079788
0,3,3,179,1,1,1,1,0,0,122.0,1,1,0,0,0,0,0,1,0,0,0,0,0,0,0,0,0,0,0,1.5,3.3,0.1,0.2,0.0,0.999999000001,4,0,0,1,1,1,1,0.5194222331047058,0.5249248594045639
0,3,4,180,1,1,2,1,0,1,108.0,2,0,0,0,0,0,1,0,0,0,1,0,0,0,0,0,0,0,0,1.4,3.2,0.1,0.3,0.0,0.499999750000125,0,1,1,2,2,1,1,0.5216981768608093,0.5232155248522758
0,3,4,181,1,1,2,1,0,1,129.0,6,0,0,0,0,0,0,1,0,0,1,0,0,0,0,0,0,0,0,1.4,3.8,0.1,0.2,0.0,0.3333332222222592,2,0,0,2,1,1,1,0.5181095600128174,0.5219881385564804
0,3,4,182,1,1,2,1,0,1,106.0,3,0,0,0,0,1,0,0,0,0,0,0,0,0,0,0,0,0,0,1.4,4.0,0.2,0.2,0.0,0.3333332222222592,0,0,0,2,2,0,0,0.5221338272094727,0.5214528813958168
0,3,4,183,1,1,2,1,0,1,127.0,2,0,0,0,0,0,1,0,0,0,0,0,0,0,0,0,0,0,0,1.3,3.7,0.2,0.3,0.0,0.0,2,1,0,2,1,1,1,0.5178807377815247,0.5209594145417213
0,3,4,184,1,1,2,1,0,1,133.0,6,0,0,0,0,0,0,0,0,0,0,0,0,1,0,1,0,0,0,1.3,3.6,0.2,0.3,0.0,0.0,3,1,1,2,1,1,1,0.5209841132164001,0.5206400230526924
0,3,5,185,1,1,3,1,0,2,130.0,1,1,0,0,0,0,0,1,0,0,0,0,0,0,0,0,0,0,0,1.3,3.4,0.2,0.3,0.0,0.0,3,1,-1,1,1,1,1,0.5225299000740051,0.5203872248530388
0,3,5,186,1,1,3,1,0,2,127.0,1,0,0,0,0,0,0,1,0,0,0,0,0,0,0,0,0,0,0,1.2,2.9,0.2,0.3,0.0,0.0,4,0,0,1,1,1,1,0.5212756991386414,0.5205042809247971
0,3,5,187,1,1,3,1,0,2,103.0,9,0,0,0,0,0,1,0,0,0,0,0,0,0,0,0,0,0,0,1.1,3.4,0.1,0.4,0.0,0.0,1,1,1,1,2,1,1,0.5213099122047424,0.5207402408123016
0,3,5,188,1,1,3,1,0,2,0.0,0,0,0,1,0,1,0,0,0,0,0,0,0,0,0,0,0,0,0,1.2,3.1,0.2,0.3,0.0,0.0,4,0,-1,1,2,0,0,0.5184890031814575,0.5203390941023827
0,3,5,189,1,1,3,1,0,2,107.0,1,1,0,0,0,0,0,1,0,0,0,0,0,0,0,0,0,0,0,1.2,3.1,0.2,0.3,0.0,0.0,4,0,-1,1,1,1,1,0.5357871055603027,0.5225487872958183
0,3,6,190,1,1,4,1,0,3,110.0,4,0,0,0,0,0,1,0,0,0,0,0,0,0,0,0,0,0,0,1.2,3.3,0.2,0.3,0.0,0.0,3,1,1,2,2,1,1,0.522121012210846,0.52254718542099
0,3,6,191,1,1,4,1,0,3,121.0,1,0,0,0,0,0,0,0,1,0,0,0,0,0,0,0,0,0,0,1.3,2.8,0.2,0.3,0.0,0.0,3,1,-1,2,1,0,0,0.5192643404006958,0.5227201357483864
0,3,6,192,1,1,4,1,0,3,107.0,1,0,0,0,0,0,0,0,0,0,0,0,0,0,0,0,0,0,0,1.3,2.6,0.1,0.3,0.0,0.0,4,1,0,2,2,0,0,0.5182888507843018,0.5223832279443741
0,3,6,193,1,1,4,1,0,3,105.0,2,0,0,0,0,0,0,0,0,1,0,1,0,0,0,0,0,0,0,1.3,2.6,0.1,0.2,0.999999000001,0.0,2,1,0,2,2,1,1,0.5173556208610535,0.5217364430427551
0,3,6,194,1,1,4,1,0,3,111.0,3,0,0,0,0,0,0,0,1,0,0,0,0,0,0,0,0,0,0,1.4,2.3,0.1,0.2,0.999999000001,0.0,1,1,1,2,2,0,0,0.5180919170379639,0.5213384702801704
0,3,6,195,1,1,4,1,0,3,132.0,1,0,0,0,0,0,0,0,0,0,1,0,1,0,0,0,0,0,0,1.5,2.3,0.1,0.2,0.999999000001,0.999999000001,4,1,1,2,1,0,0,0.5178297758102417,0.5209034532308578
0,3,7,196,1,1,4,2,0,2,107.0,1,0,0,0,0,0,0,1,0,0,0,0,0,0,0,0,0,0,0,1.5,2.3,0.1,0.2,0.999999000001,0.999999000001,4,1,1,1,1,1,1,0.5194972157478333,0.5210294798016548
0,3,7,197,1,1,4,2,0,2,117.0,3,0,0,0,0,0,0,0,0,0,0,0,0,0,0,0,0,0,0,1.5,1.7,0.1,0.1,0.999999000001,0.999999000001,4,0,1,1,1,1,1,0.5182863473892212,0.5188418850302696
0,3,7,198,1,1,4,2,0,2,90.0,3,0,0,0,0,0,1,0,0,0,0,0,0,0,0,0,0,0,0,1.4,2.0,0.0,0.2,0.999999000001,0.999999000001,1,1,1,1,2,1,1,0.51884925365448,0.5184329152107239
0,3,7,199,1,1,4,2,0,2,109.0,1,1,0,0,0,0,0,1,0,0,0,0,0,0,0,0,0,0,0,1.4,2.0,0.0,0.2,0.999999000001,0.999999000001,4,0,-1,1,1,1,1,0.5235251784324646,0.518965519964695
0,3,8,200,1,1,5,2,0,3,126.0,1,0,0,0,0,0,0,0,0,0,0,0,0,0,0,0,0,0,0,1.5,1.7,0.0,0.1,0.999999000001,0.999999000001,3,1,0,2,1,0,0,0.5205312371253967,0.5192458182573318
0,3,8,201,1,1,5,2,0,3,116.0,2,0,0,0,0,0,1,0,0,0,0,0,0,0,0,0,0,0,0,1.4,1.8,0.0,0.2,0.999999000001,0.999999000001,1,1,1,2,1,1,1,0.518923819065094,0.5194418430328369
0,3,8,202,1,1,5,2,0,3,116.0,9,0,0,0,0,0,0,0,0,0,1,0,1,0,0,0,0,0,0,1.4,2.6,0.0,0.2,0.999999000001,0.99999950000025,2,1,1,2,1,0,0,0.517730176448822,0.5193966254591942
0,3,8,203,1,1,5,2,0,3,127.0,10,0,0,0,0,0,0,1,0,0,0,0,0,0,0,0,0,0,0,1.4,3.4,0.0,0.2,0.0,0.99999950000025,2,1,1,2,1,1,1,0.5178801417350769,0.5194029211997986
0,3,8,204,1,1,5,2,0,3,114.0,4,0,0,0,0,0,1,0,0,0,0,0,0,0,0,0,0,0,0,1.3,3.5,0.0,0.3,0.0,0.99999950000025,2,1,0,2,1,1,1,0.5190910696983337,0.5193521529436111
0,3,8,205,1,1,5,2,0,3,127.0,1,0,1,0,0,0,0,0,1,0,0,0,0,1,0,0,0,1,0,1.3,3.5,0.0,0.3,0.0,0.999999000001,4,0,-1,2,1,0,0,0.5172169208526611,0.5192184746265411
0,3,8,206,1,1,5,2,0,3,114.0,1,0,1,0,0,0,0,0,1,0,0,0,0,0,0,0,0,0,0,1.4,3.5,0.0,0.3,0.0,0.999999000001,4,0,-1,2,1,0,0,0.5178156495094299,0.5190892741084099
0,3,8,207,1,1,5,2,0,3,124.0,1,0,1,0,0,0,0,0,1,0,0,0,0,0,0,0,0,0,0,1.5,3.3,0.0,0.3,0.0,0.999999000001,3,1,-1,2,1,0,0,0.5175772905349731,0.5183457881212234
0,3,9,208,1,1,5,3,0,2,97.0,1,0,0,0,0,0,0,0,0,0,0,0,0,0,0,0,0,0,0,1.5,3.1,0.0,0.2,0.0,0.999999000001,3,0,1,1,2,1,1,0.5173958539962769,0.5179538652300835
0,3,9,209,1,1,5,3,0,2,109.0,3,0,0,0,0,0,0,1,0,1,0,1,0,0,0,0,0,0,0,1.5,3.3,0.0,0.2,0.999999000001,0.999999000001,3,1,-1,1,1,1,1,0.5173870921134949,0.5177617743611336
0,3,9,210,1,1,5,3,0,2,95.0,1,0,0,0,0,0,1,0,0,0,0,0,0,0,0,0,0,0,0,1.4,3.3,0.0,0.3,0.999999000001,0.999999000001,1,1,0,1,2,1,1,0.5175046324729919,0.5177335813641548
0,3,9,211,1,1,5,3,0,2,112.0,2,0,0,0,0,1,0,0,0,1,0,0,0,0,0,0,0,0,0,1.5,3.3,0.1,0.2,0.499999750000125,0.999999000001,3,1,1,1,1,0,0,0.5211203098297119,0.5181386023759842
0,3,9,212,1,1,5,3,0,2,128.0,1,0,0,0,0,0,0,0,0,0,0,0,0,0,0,0,0,0,0,1.4,2.5,0.1,0.2,0.499999750000125,0.0,3,1,0,1,1,1,1,0.5181939005851746,0.5180264562368393
0,4,1,213,2,1,0,0,1,0,110.0,4,0,0,0,0,0,1,0,0,0,1,0,0,0,0,0,0,0,0,1.4,1.9,0.1,0.3,0.499999750000125,0.0,2,0,1,2,2,1,1,0.5176858305931091,0.5180850699543953
0,4,1,214,2,1,0,0,1,0,98.0,3,0,0,0,0,0,0,0,0,0,0,0,0,0,0,0,0,0,0,1.5,1.8,0.1,0.2,0.499999750000125,0.0,2,1,0,2,2,0,0,0.5175825953483582,0.5180559381842613
0,4,1,215,2,1,0,0,1,0,109.0,1,0,0,0,0,0,0,0,0,0,0,0,0,0,0,0,0,0,0,1.5,1.8,0.1,0.2,0.499999750000125,0.0,4,0,-1,2,1,0,0,0.5226548314094543,0.5186906307935715
0,4,1,216,2,1,0,0,1,0,128.0,1,0,0,0,0,0,0,0,0,0,1,0,1,0,0,0,0,0,0,1.5,1.8,0.1,0.2,0.499999750000125,0.499999750000125,4,0,0,2,1,0,0,0.5194387435913086,0.5189459919929504
0,4,1,217,2,1,0,0,1,0,129.0,1,0,0,0,0,0,0,0,1,0,0,0,0,0,0,0,0,0,0,1.5,1.8,0.1,0.2,0.499999750000125,0.499999750000125,3,1,-1,2,1,0,0,0.5175176858901978,0.5189623162150383
0,4,2,218,2,1,0,1,1,-1,121.0,7,0,0,0,0,0,0,0,0,0,0,0,0,0,0,0,0,0,0,1.5,2.4,0.1,0.2,0.499999750000125,0.499999750000125,3,1,1,1,1,1,1,0.5167120099067688,0.5188632383942604
0,4,2,219,2,1,0,1,1,-1,0.0,0,0,0,1,0,1,0,0,0,0,0,0,0,0,0,0,0,0,0,1.6,2.1,0.2,0.2,0.0,0.499999750000125,2,0,-1,1,2,0,0,0.5170817375183105,0.5183584168553352
0,4,2,220,2,1,0,1,1,-1,126.0,2,0,0,0,0,1,0,0,0,0,0,0,0,0,0,0,0,0,0,1.7,2.2,0.3,0.1,0.0,0.499999750000125,1,0,1,1,1,0,0,0.5395453572273254,0.5210273489356041
0,4,2,221,2,1,0,1,1,-1,117.0,1,0,0,0,0,0,0,0,0,0,0,0,0,0,0,0,0,0,0,1.6,2.1,0.2,0.1,0.0,0.499999750000125,3,1,1,1,1,1,1,0.5214924812316895,0.5215031802654266
0,4,2,222,2,1,0,1,1,-1,0.0,0,0,0,1,0,1,0,0,0,0,0,0,0,0,0,0,0,0,0,1.7,2.0,0.3,0.1,0.0,0.499999750000125,3,0,1,1,2,0,0,0.5209947824478149,0.5219297036528587
0,4,2,223,2,1,0,1,1,-1,93.0,10,0,0,0,0,0,0,0,0,0,0,0,0,0,1,0,1,0,0,1.8,2.6,0.3,0.0,0.0,0.999999000001,2,1,1,1,2,0,0,0.543475866317749,0.5245323330163956
0,4,3,224,2,1,0,2,1,-2,124.0,3,0,0,0,0,0,0,0,0,0,1,0,1,0,0,0,0,0,0,1.8,2.6,0.3,0.0,0.0,0.99999950000025,1,1,-1,2,1,0,0,0.5375637412071228,0.5267979577183723
0,4,3,225,2,1,0,2,1,-2,113.0,2,0,0,0,0,0,0,0,0,0,0,0,0,0,0,0,0,0,0,1.7,2.7,0.3,0.0,0.0,0.99999950000025,3,1,1,2,2,1,1,0.5237565040588379,0.5275778099894524
0,4,3,226,2,1,0,2,1,-2,112.0,3,0,0,0,0,0,0,0,0,0,1,0,1,0,0,0,0,0,0,1.7,2.9,0.3,0.0,0.0,0.99999950000025,4,1,1,2,1,0,0,0.5258952379226685,0.5287257134914398
0,4,3,227,2,1,0,2,1,-2,129.0,3,0,0,0,0,0,0,0,1,0,1,0,1,0,0,0,0,0,0,1.7,3.1,0.3,0.0,0.0,0.9999996666667778,0,1,1,2,1,0,0,0.5262947082519531,0.5298773348331451
0,4,3,228,2,1,0,2,1,-2,113.0,8,0,0,0,0,0,0,1,0,1,0,1,0,0,0,0,0,0,0,1.7,3.2,0.3,0.0,0.999999000001,0.9999996666667778,4,0,0,2,1,1,1,0.5213448405265808,0.5276022702455521
0,4,3,229,2,1,0,2,1,-2,108.0,10,0,0,0,0,0,1,0,0,0,0,0,0,0,0,0,0,0,0,1.6,4.2,0.2,0.1,0.999999000001,0.9999996666667778,3,1,0,2,2,1,1,0.5248695611953735,0.5280244052410126
0,4,3,230,2,1,0,2,1,-2,117.0,4,0,0,0,0,0,0,0,0,0,0,0,0,0,0,0,0,0,0,1.5,4.4,0.1,0.1,0.999999000001,0.9999996666667778,2,1,0,2,1,1,1,0.5277376770973206,0.5288672670722008
0,4,3,231,2,1,0,2,1,-2,131.0,5,0,0,0,0,0,0,0,1,0,1,0,1,1,0,0,0,1,0,1.6,4.8,0.1,0.1,0.999999000001,0.9999997500000624,4,0,-1,2,1,0,0,0.525763750076294,0.5266532525420189
0,4,3,232,2,1,0,2,1,-2,127.0,3,0,0,0,0,0,0,0,0,0,1,0,1,0,0,0,0,0,0,1.6,5.1,0.0,0.1,0.999999000001,0.99999980000004,3,1,1,2,1,0,0,0.520609438419342,0.5245339646935463
0,4,3,233,2,1,0,2,1,-2,119.0,4,0,0,0,0,0,0,1,0,0,1,0,0,0,0,0,0,0,0,1.5,4.5,0.0,0.1,0.999999000001,0.8333331944444675,3,1,1,2,1,1,1,0.5203517079353333,0.5241083651781082
0,4,3,234,2,1,0,2,1,-2,0.0,3,0,0,0,0,0,0,0,1,0,0,0,0,0,0,0,0,0,0,1.5,4.5,0.0,0.1,0.999999000001,0.799999840000032,3,1,1,2,1,0,0,0.5229101777076721,0.5237352326512337
0,4,3,235,2,1,0,2,1,-2,129.0,4,0,0,0,0,0,0,1,0,0,1,0,0,0,0,0,0,0,0,1.5,4.7,0.0,0.1,0.999999000001,0.6666665555555741,4,0,1,2,1,1,1,0.5430545210838318,0.5258302092552185
0,4,3,236,2,1,0,2,1,-2,105.0,4,0,0,0,0,0,1,0,0,0,1,0,0,0,0,0,0,0,0,1.4,4.8,0.0,0.2,0.999999000001,0.4999999166666805,1,1,1,2,2,1,1,0.5221552848815918,0.5259315147995949
0,4,3,237,2,1,0,2,1,-2,121.0,1,0,1,0,0,0,0,0,1,0,0,0,0,1,0,0,0,1,0,1.4,4.6,0.0,0.2,0.999999000001,0.399999920000016,3,0,-1,2,1,0,0,0.530729353427887,0.5266639888286591
0,4,3,238,2,1,0,2,1,-2,110.0,7,0,0,0,0,0,0,0,1,0,1,0,1,0,0,0,0,0,0,1.5,4.5,0.0,0.2,0.0,0.4999999166666805,0,1,1,2,2,0,0,0.5257861018180847,0.5264200419187546
0,4,3,239,2,1,0,2,1,-2,128.0,6,0,0,0,0,0,0,0,0,0,0,0,0,0,0,0,0,0,0,1.5,4.1,0.0,0.1,0.0,0.4999999166666805,2,1,1,2,1,1,1,0.5303840637207031,0.5269975811243057
0,4,3,240,2,1,0,2,1,-2,114.0,1,0,0,0,0,0,0,0,0,0,0,0,0,0,0,0,0,0,0,1.6,3.8,0.0,0.1,0.0,0.4999999166666805,4,1,0,2,1,0,0,0.5237219929695129,0.5273866504430771
0,4,3,241,2,1,0,2,1,-2,119.0,1,0,0,0,0,0,0,0,0,0,0,0,0,0,0,0,0,0,0,1.6,3.4,0.0,0.1,0.0,0.399999920000016,3,1,0,2,1,0,0,0.5282191038131714,0.5283700749278069
0,4,4,242,2,1,0,3,1,-3,129.0,1,0,0,0,0,0,0,0,0,0,0,0,0,0,0,0,0,0,0,1.5,3.2,0.0,0.1,0.0,0.2499999375000156,1,0,1,1,1,1,1,0.5276489853858948,0.5289624258875847
0,4,4,243,2,1,0,3,1,-3,117.0,2,0,0,0,0,1,0,0,0,0,0,0,0,0,0,0,0,0,0,1.6,3.0,0.1,0.1,0.0,0.3333332222222592,1,1,1,1,1,0,0,0.5239262580871582,0.5265713930130005
0,4,4,244,2,1,0,3,1,-3,0.0,0,0,0,1,0,1,0,0,0,0,0,0,0,0,0,0,0,0,0,1.6,2.7,0.2,0.1,0.0,0.3333332222222592,3,0,-1,1,2,0,0,0.5285879969596863,0.5273754820227623
0,4,4,245,2,1,0,3,1,-3,112.0,2,0,0,0,0,0,0,0,0,0,0,0,0,0,0,0,0,0,0,1.7,2.5,0.2,0.1,0.0,0.499999750000125,3,1,0,1,1,0,0,0.5446489453315735,0.5291154310107231
0,4,4,246,2,1,0,3,1,-3,126.0,1,0,0,0,0,0,0,0,0,0,0,0,0,0,1,0,0,0,1,1.7,2.2,0.2,0.0,0.0,0.999999000001,1,1,1,1,2,1,1,0.5323739647865295,0.5299389138817787
0,4,4,247,2,1,0,3,1,-3,110.0,3,0,0,0,0,0,0,0,0,1,0,1,0,0,1,0,0,0,1,1.6,2.4,0.2,0.0,0.999999000001,0.999999000001,4,0,-1,1,1,1,1,0.5282784700393677,0.5296757146716118
0,4,4,248,2,1,0,3,1,-3,111.0,3,0,0,0,0,0,0,1,0,1,0,1,0,0,0,0,0,0,0,1.5,2.0,0.2,0.0,0.99999950000025,0.0,4,1,-1,1,2,1,1,0.5322347283363342,0.5307398065924644
0,4,4,249,2,1,0,3,1,-3,90.0,7,0,0,0,0,0,1,0,0,0,0,0,0,0,0,0,0,0,0,1.5,2.1,0.2,0.1,0.99999950000025,0.0,0,1,1,1,2,1,1,0.5323880910873413,0.5312609300017357
0,4,5,250,2,1,1,3,1,-2,113.0,1,0,0,0,0,0,0,0,0,0,0,0,0,0,0,0,0,0,0,1.5,2.1,0.2,0.1,0.99999950000025,0.0,4,0,1,2,1,0,0,0.5400550961494446,0.5328116938471794
0,4,5,251,2,1,1,3,1,-2,129.0,2,0,0,0,0,0,1,0,0,0,0,0,0,0,0,0,0,0,0,1.4,2.2,0.2,0.2,0.99999950000025,0.0,0,1,1,2,1,1,1,0.5310301184654236,0.5336996763944626
0,4,5,252,2,1,1,3,1,-2,99.0,3,0,0,0,0,0,0,0,1,0,1,0,1,0,0,0,0,0,0,1.5,2.4,0.2,0.2,0.99999950000025,0.999999000001,0,1,1,2,2,0,0,0.5270869731903076,0.5335120484232903
0,4,5,253,2,1,1,3,1,-2,123.0,3,0,0,0,0,0,0,0,1,0,0,0,0,0,0,0,0,0,0,1.5,2.5,0.1,0.2,0.99999950000025,0.999999000001,3,1,1,2,1,0,0,0.5359057784080505,0.5324191525578499
0,4,5,254,2,1,1,3,1,-2,128.0,2,0,0,0,0,0,1,0,0,0,0,0,0,0,0,0,0,0,0,1.4,2.7,0.0,0.3,0.99999950000025,0.999999000001,3,1,1,2,1,1,1,0.528919517993927,0.5319873467087746
0,4,5,255,2,1,1,3,1,-2,131.0,4,0,0,0,0,0,1,0,0,0,0,0,0,0,0,0,0,0,0,1.3,2.9,0.0,0.4,0.99999950000025,0.999999000001,0,1,1,2,1,1,1,0.5265007019042969,0.5317651256918907
0,4,5,256,2,1,1,3,1,-2,131.0,3,0,0,0,0,1,0,0,0,0,0,0,0,0,0,0,0,0,0,1.4,3.1,0.1,0.4,0.99999950000025,0.999999000001,3,1,1,2,1,0,0,0.5258662104606628,0.5309690609574318
0,4,5,257,2,1,1,3,1,-2,116.0,1,0,1,0,0,0,0,0,1,0,0,0,0,0,0,0,0,0,0,1.5,2.9,0.1,0.4,0.999999000001,0.999999000001,3,0,-1,2,1,0,0,0.5253810286521912,0.530093178153038
0,4,6,258,2,1,1,4,1,-3,0.0,0,0,0,1,0,1,0,0,0,0,0,0,0,0,0,0,0,0,0,1.6,2.6,0.2,0.4,0.0,0.999999000001,3,1,1,1,2,0,0,0.5289379358291626,0.5287035331130028
0,4,6,259,2,1,1,4,1,-3,92.0,5,0,0,0,0,0,1,0,0,0,0,0,0,0,0,0,0,0,0,1.6,2.4,0.2,0.4,0.0,0.999999000001,2,0,0,1,2,1,1,0.5436376333236694,0.5302794724702835
0,4,6,260,2,1,1,4,1,-3,113.0,1,0,0,0,0,0,0,0,0,0,0,0,0,0,0,0,0,0,0,1.5,2.4,0.2,0.4,0.0,0.999999000001,2,1,0,1,1,1,1,0.5426933169364929,0.5322302654385567
0,4,6,261,2,1,1,4,1,-3,113.0,5,0,0,0,0,0,0,0,0,1,0,1,0,0,0,0,0,0,0,1.5,2.7,0.2,0.3,0.999999000001,0.999999000001,2,0,-1,1,1,1,1,0.5346759557723999,0.5320765376091003
0,4,6,262,2,1,1,4,1,-3,131.0,1,1,0,0,0,0,0,1,0,0,0,0,0,0,0,0,0,0,0,1.4,2.5,0.2,0.3,0.999999000001,0.0,-1,-1,-1,1,1,1,1,0.5343805551528931,0.5327591672539711
0,4,7,263,2,1,2,4,1,-2,126.0,16,0,0,0,0,0,0,0,0,0,0,0,0,0,0,0,0,0,0,1.3,3.8,0.2,0.3,0.999999000001,0.0,1,1,0,2,1,1,1,0.5305322408676147,0.5332631096243858
0,4,7,264,2,1,2,4,1,-2,0.0,0,0,0,0,1,0,1,0,0,0,0,0,0,0,0,0,0,0,0,1.3,3.6,0.2,0.3,0.999999000001,0.0,2,0,0,2,2,1,1,0.529900848865509,0.5337674394249916
0,4,7,265,2,1,2,4,1,-2,129.0,1,0,0,0,0,0,0,0,0,0,0,0,0,0,0,0,0,0,0,1.4,3.3,0.2,0.2,0.999999000001,0.0,1,0,0,2,1,0,0,0.5425516963005066,0.535913772881031
0,4,7,266,2,1,2,4,1,-2,129.0,2,0,0,0,0,0,0,0,0,0,1,0,0,0,0,0,0,0,0,1.3,3.2,0.1,0.2,0.999999000001,0.0,4,0,1,2,1,1,1,0.5289880037307739,0.5359200313687325
0,4,7,267,2,1,2,4,1,-2,129.0,3,0,0,0,0,0,0,0,1,0,0,0,0,1,0,0,0,1,0,1.3,3.4,0.1,0.2,0.999999000001,0.0,1,0,1,2,1,0,0,0.5277161002159119,0.5339298397302628
0,4,7,268,2,1,2,4,1,-2,129.0,2,0,0,0,0,0,1,0,0,0,1,0,0,1,0,1,0,0,0,1.2,3.6,0.0,0.3,0.999999000001,0.0,4,0,1,2,1,1,1,0.5282009840011597,0.5321182981133461
0,4,8,269,2,1,3,4,1,-1,123.0,7,0,0,0,0,0,0,0,0,0,0,0,0,0,0,0,0,0,0,1.2,3.8,0.0,0.2,0.999999000001,0.0,3,0,0,1,1,1,1,0.5278418660163879,0.5312640368938446
0,4,8,270,2,1,3,4,1,-1,90.0,3,0,0,0,0,0,0,1,0,0,0,0,0,0,0,0,0,0,0,1.2,4.0,0.0,0.2,0.999999000001,0.0,4,0,1,1,2,1,1,0.5292438864707947,0.5306219533085823
0,4,8,271,2,1,3,4,1,-1,0.0,0,0,0,1,0,1,0,0,0,0,0,0,0,0,0,0,0,0,0,1.3,3.5,0.1,0.2,0.0,0.0,1,0,-1,1,2,0,0,0.5401212573051453,0.5318205803632736
0,4,8,272,2,1,3,4,1,-1,113.0,1,0,0,0,0,0,0,0,0,0,0,0,0,0,0,0,0,0,0,1.3,3.5,0.1,0.2,0.0,0.0,1,1,1,1,1,1,1,0.5453563928604126,0.5337525233626366
0,4,8,273,2,1,3,4,1,-1,115.0,1,0,0,0,0,0,0,0,0,0,0,0,0,0,0,0,0,0,0,1.3,2.0,0.1,0.2,0.0,0.0,2,1,1,1,1,1,1,0.5341459512710571,0.5327018052339554
0,4,9,274,2,1,4,4,1,0,108.0,1,0,0,0,0,0,0,0,0,0,0,0,0,0,0,0,0,0,0,1.4,2.1,0.1,0.1,0.0,0.0,4,0,0,2,1,0,0,0.5335216522216797,0.5332685112953186
0,4,9,275,2,1,4,4,1,0,121.0,4,0,0,0,0,0,1,0,0,0,0,0,0,0,0,0,0,0,0,1.3,2.4,0.1,0.2,0.0,0.0,3,1,0,2,1,1,1,0.5335424542427063,0.5339968055486679
0,4,9,276,2,1,4,4,1,0,110.0,1,0,1,0,0,0,0,0,1,0,0,0,0,0,0,0,0,0,0,1.4,2.3,0.1,0.2,0.0,0.0,4,0,-1,2,1,0,0,0.5306288003921509,0.5343002825975418
0,4,9,277,2,1,4,4,1,0,110.0,3,0,0,0,0,0,0,0,1,0,1,0,1,0,0,0,0,0,0,1.4,2.3,0.1,0.2,0.0,0.499999750000125,3,1,1,2,1,0,0,0.532622754573822,0.5348978936672211
0,4,9,278,2,1,4,4,1,0,105.0,7,0,0,0,0,1,0,0,0,1,0,0,0,0,0,0,0,0,0,1.5,2.8,0.2,0.1,0.0,0.999999000001,1,1,0,2,2,0,0,0.5340858697891235,0.5355031415820122
0,4,10,279,2,1,4,5,1,-1,101.0,3,0,0,0,0,0,0,1,0,0,0,0,0,0,0,0,0,0,0,1.5,2.4,0.2,0.1,0.0,0.999999000001,1,1,1,1,2,1,1,0.5376062393188477,0.535188764333725
0,4,10,280,2,1,4,5,1,-1,92.0,3,0,0,0,0,0,1,0,0,0,0,0,0,0,0,0,0,0,0,1.5,2.4,0.2,0.2,0.0,0.999999000001,0,1,1,1,2,1,1,0.5393440127372742,0.5344372168183327
0,4,10,281,2,1,4,5,1,-1,124.0,4,0,0,0,0,1,0,0,0,0,0,0,0,0,0,0,0,0,0,1.5,2.8,0.2,0.2,0.0,0.999999000001,1,1,1,1,1,0,0,0.5422843098640442,0.535454511642456
0,4,10,282,2,1,4,5,1,-1,121.0,11,0,0,0,0,0,0,1,0,1,0,1,0,0,0,0,0,0,0,1.5,3.8,0.2,0.2,0.499999750000125,0.999999000001,3,1,0,1,1,1,1,0.5328972339630127,0.5353764593601227
0,4,10,283,2,1,4,5,1,-1,115.0,2,0,0,0,0,0,0,0,0,1,0,0,0,0,0,0,0,0,0,1.6,3.9,0.2,0.2,0.3333332222222592,0.999999000001,4,1,1,1,1,0,0,0.5335249900817871,0.5353742763400078
0,4,10,284,2,1,4,5,1,-1,95.0,6,0,0,0,0,0,0,0,0,0,0,0,0,0,0,0,0,0,0,1.6,4.4,0.2,0.2,0.3333332222222592,0.999999000001,2,1,1,1,2,0,0,0.5345740914344788,0.5358674377202988
0,4,10,285,2,1,4,5,1,-1,129.0,3,0,0,0,0,0,0,1,0,0,0,0,0,0,0,0,0,0,0,1.6,4.3,0.2,0.1,0.3333332222222592,0.999999000001,3,0,0,1,1,1,1,0.5416814684867859,0.5369997769594193
0,4,10,286,2,1,4,5,1,-1,113.0,1,0,0,0,0,0,0,0,0,0,0,0,0,0,0,0,0,0,0,1.5,4.3,0.2,0.1,0.3333332222222592,0.999999000001,3,1,1,1,1,1,1,0.5312298536300659,0.536642774939537
0,4,11,287,2,1,5,5,1,0,125.0,1,0,0,0,0,0,0,0,0,0,0,0,0,0,0,0,0,0,0,1.5,4.1,0.2,0.1,0.3333332222222592,0.0,1,0,1,2,1,0,0,0.5350598692893982,0.5363244786858559
0,4,11,288,2,1,5,5,1,0,92.0,2,0,0,0,0,0,0,0,0,1,0,1,0,0,0,0,0,0,0,1.4,3.6,0.1,0.1,0.6666664444445185,0.0,2,1,0,2,2,1,1,0.5301595330238342,0.5351764187216759
0,4,11,289,2,1,5,5,1,0,130.0,9,0,0,0,0,0,0,0,1,0,1,0,1,0,0,0,0,0,0,1.5,4.2,0.1,0.1,0.6666664444445185,0.999999000001,1,1,1,2,1,0,0,0.5413335561752319,0.5350575745105743
0,4,11,290,2,1,5,5,1,0,113.0,4,0,0,0,0,0,0,0,0,0,0,0,0,0,0,0,0,0,0,1.5,4.3,0.1,0.0,0.6666664444445185,0.999999000001,3,1,0,2,1,1,1,0.5304592847824097,0.534752830862999
0,4,11,291,2,1,5,5,1,0,113.0,6,0,0,0,0,0,1,0,0,0,1,0,0,0,0,0,0,0,0,1.4,4.5,0.0,0.1,0.6666664444445185,0.499999750000125,2,1,0,2,2,1,1,0.5342577695846558,0.5348444283008575
0,4,11,292,2,1,5,5,1,0,108.0,2,0,0,0,0,0,0,1,0,0,0,0,0,1,0,1,0,0,0,1.4,3.6,0.0,0.1,0.499999750000125,0.499999750000125,2,1,0,2,2,1,1,0.5304458737373352,0.5343284010887146
0,4,12,293,2,1,6,5,1,1,112.0,8,0,0,0,0,1,0,0,0,0,0,0,0,0,0,0,0,0,0,1.4,4.2,0.1,0.1,0.999999000001,0.499999750000125,0,1,0,1,2,0,0,0.5325215458869934,0.5331834107637405
0,4,12,294,2,1,6,5,1,1,120.0,5,0,0,0,0,0,0,0,0,1,0,1,0,0,0,0,0,0,0,1.3,4.1,0.1,0.1,0.99999950000025,0.499999750000125,3,1,-1,1,1,1,1,0.5316576957702637,0.5332368910312653
0,4,12,295,2,1,6,5,1,1,104.0,3,0,0,0,0,0,0,1,0,0,1,0,0,0,0,0,0,0,0,1.3,4.1,0.1,0.1,0.99999950000025,0.3333332222222592,0,0,1,1,2,1,1,0.5284836292266846,0.5324148610234261
0,4,12,296,2,1,6,5,1,1,130.0,2,0,0,0,0,0,0,0,0,1,0,0,0,0,0,0,0,0,0,1.4,4.2,0.1,0.1,0.6666664444445185,0.3333332222222592,2,1,1,1,1,0,0,0.5338793992996216,0.5328798443078995
0,4,12,297,2,1,6,5,1,1,113.0,14,0,0,0,0,0,0,0,1,0,0,0,0,0,0,0,0,0,0,1.4,5.5,0.1,0.1,0.6666664444445185,0.3333332222222592,2,1,1,1,1,0,0,0.5263011455535889,0.5310007929801941
0,4,12,298,2,1,6,5,1,1,129.0,1,0,0,0,0,0,0,0,0,0,0,0,0,0,1,0,0,0,1,1.4,5.4,0.1,0.1,0.499999750000125,0.3333332222222592,0,1,1,1,1,1,1,0.5321991443634033,0.5312182754278183
0,4,12,299,2,1,6,5,1,1,128.0,1,0,0,0,0,0,0,0,0,0,0,0,0,0,0,0,0,0,0,1.3,4.6,0.1,0.1,0.499999750000125,0.0,3,1,1,1,1,1,1,0.5273603796958923,0.5303561016917229
0,4,12,300,2,1,6,5,1,1,116.0,1,0,0,0,0,0,0,0,0,0,0,0,0,0,0,0,0,0,0,1.3,4.3,0.1,0.1,0.499999750000125,0.0,2,1,1,1,1,1,1,0.5259541869163513,0.5297946408390999
