﻿match_id,set_no,game_no,p1_name,p2_name,actual_winner,pred_winner,mean_prob,correct
2023-wimbledon-1301,1,3,Carlos Alcaraz,Nicolas Jarry,1,2,0.37957144776980084,0
2023-wimbledon-1301,1,4,Carlos Alcaraz,Nicolas Jarry,2,2,0.4939191862940788,1
2023-wimbledon-1301,1,5,Carlos Alcaraz,Nicolas Jarry,1,2,0.4904118590056896,0
2023-wimbledon-1301,1,6,Carlos Alcaraz,Nicolas Jarry,2,2,0.4935923159122467,1
2023-wimbledon-1301,1,7,Carlos Alcaraz,Nicolas Jarry,1,1,0.5002645075321197,1
2023-wimbledon-1301,1,8,Carlos Alcaraz,Nicolas Jarry,1,1,0.5056466162204742,1
2023-wimbledon-1301,1,9,Carlos Alcaraz,Nicolas Jarry,1,1,0.5105806191762289,1
2023-wimbledon-1301,2,1,Carlos Alcaraz,Nicolas Jarry,2,1,0.5116237550973892,0
2023-wimbledon-1301,2,2,Carlos Alcaraz,Nicolas Jarry,2,1,0.5120733752846718,0
2023-wimbledon-1301,2,3,Carlos Alcaraz,Nicolas Jarry,2,1,0.512300431728363,0
2023-wimbledon-1301,2,4,Carlos Alcaraz,Nicolas Jarry,1,1,0.5123723745346069,1
2023-wimbledon-1301,2,5,Carlos Alcaraz,Nicolas Jarry,2,1,0.5123916685581207,0
2023-wimbledon-1301,2,6,Carlos Alcaraz,Nicolas Jarry,1,1,0.5123928189277649,1
2023-wimbledon-1301,2,7,Carlos Alcaraz,Nicolas Jarry,1,1,0.5123928189277649,1
2023-wimbledon-1301,2,8,Carlos Alcaraz,Nicolas Jarry,1,1,0.5123928189277649,1
2023-wimbledon-1301,2,9,Carlos Alcaraz,Nicolas Jarry,2,1,0.5123928189277649,0
2023-wimbledon-1301,2,10,Carlos Alcaraz,Nicolas Jarry,1,1,0.5123928189277649,1
2023-wimbledon-1301,2,11,Carlos Alcaraz,Nicolas Jarry,2,1,0.5123928189277649,0
2023-wimbledon-1301,2,12,Carlos Alcaraz,Nicolas Jarry,1,1,0.5123928189277649,1
2023-wimbledon-1301,2,13,Carlos Alcaraz,Nicolas Jarry,2,1,0.5123928189277649,0
2023-wimbledon-1301,3,1,Carlos Alcaraz,Nicolas Jarry,1,1,0.5123906036218008,1
2023-wimbledon-1301,3,2,Carlos Alcaraz,Nicolas Jarry,2,1,0.5123936086893082,0
2023-wimbledon-1301,3,3,Carlos Alcaraz,Nicolas Jarry,1,1,0.5123937328656515,1
2023-wimbledon-1301,3,4,Carlos Alcaraz,Nicolas Jarry,1,1,0.5123929023742676,1
2023-wimbledon-1301,3,5,Carlos Alcaraz,Nicolas Jarry,1,1,0.5123915076255798,1
2023-wimbledon-1301,3,6,Carlos Alcaraz,Nicolas Jarry,2,1,0.5123938719431559,0
2023-wimbledon-1301,3,7,Carlos Alcaraz,Nicolas Jarry,1,1,0.512392982840538,1
2023-wimbledon-1301,3,8,Carlos Alcaraz,Nicolas Jarry,2,1,0.5123927965760231,0
2023-wimbledon-1301,3,9,Carlos Alcaraz,Nicolas Jarry,1,1,0.512392807006836,1
2023-wimbledon-1301,4,1,Carlos Alcaraz,Nicolas Jarry,2,1,0.5123928189277649,0
2023-wimbledon-1301,4,2,Carlos Alcaraz,Nicolas Jarry,2,1,0.512392004330953,0
2023-wimbledon-1301,4,3,Carlos Alcaraz,Nicolas Jarry,2,1,0.5123931401305728,0
2023-wimbledon-1301,4,4,Carlos Alcaraz,Nicolas Jarry,1,1,0.5123928412795067,1
2023-wimbledon-1301,4,5,Carlos Alcaraz,Nicolas Jarry,2,1,0.5123928636312485,0
2023-wimbledon-1301,4,6,Carlos Alcaraz,Nicolas Jarry,1,1,0.5123927235603333,1
2023-wimbledon-1301,4,7,Carlos Alcaraz,Nicolas Jarry,1,1,0.5123927096525828,1
2023-wimbledon-1301,4,8,Carlos Alcaraz,Nicolas Jarry,1,1,0.5123928666114808,1
2023-wimbledon-1301,4,9,Carlos Alcaraz,Nicolas Jarry,2,1,0.512393057346344,0
2023-wimbledon-1301,4,10,Carlos Alcaraz,Nicolas Jarry,1,1,0.5123928263783455,1
2023-wimbledon-1301,4,11,Carlos Alcaraz,Nicolas Jarry,1,1,0.5123928189277649,1
2023-wimbledon-1301,4,12,Carlos Alcaraz,Nicolas Jarry,1,1,0.5123928189277649,1
2023-wimbledon-1302,1,3,Alexander Zverev,Matteo Berrettini,2,2,0.30522066354751587,1
2023-wimbledon-1302,1,4,Alexander Zverev,Matteo Berrettini,1,1,0.5193936705589295,1
2023-wimbledon-1302,1,5,Alexander Zverev,Matteo Berrettini,2,2,0.49059786796569826,1
2023-wimbledon-1302,1,6,Alexander Zverev,Matteo Berrettini,1,2,0.48875882029533385,0
2023-wimbledon-1302,1,7,Alexander Zverev,Matteo Berrettini,2,2,0.49156539887189865,1
2023-wimbledon-1302,1,8,Alexander Zverev,Matteo Berrettini,2,2,0.49532686471939086,1
2023-wimbledon-1302,1,9,Alexander Zverev,Matteo Berrettini,2,1,0.5031006634235382,0
2023-wimbledon-1302,2,1,Alexander Zverev,Matteo Berrettini,1,1,0.5059664696455002,1
2023-wimbledon-1302,2,2,Alexander Zverev,Matteo Berrettini,2,1,0.5082045435905457,0
2023-wimbledon-1302,2,3,Alexander Zverev,Matteo Berrettini,1,1,0.5102545320987701,1
2023-wimbledon-1302,2,4,Alexander Zverev,Matteo Berrettini,2,1,0.5113414824008942,0
2023-wimbledon-1302,2,5,Alexander Zverev,Matteo Berrettini,1,1,0.5117195248603821,1
2023-wimbledon-1302,2,6,Alexander Zverev,Matteo Berrettini,2,1,0.5118111968040466,0
2023-wimbledon-1302,2,7,Alexander Zverev,Matteo Berrettini,1,1,0.5120902359485626,1
2023-wimbledon-1302,2,8,Alexander Zverev,Matteo Berrettini,2,1,0.5122672418753306,0
2023-wimbledon-1302,2,9,Alexander Zverev,Matteo Berrettini,1,1,0.512361615896225,1
2023-wimbledon-1302,2,10,Alexander Zverev,Matteo Berrettini,2,1,0.5123882412910461,0
2023-wimbledon-1302,2,11,Alexander Zverev,Matteo Berrettini,1,1,0.5123919248580933,1
2023-wimbledon-1302,2,12,Alexander Zverev,Matteo Berrettini,2,1,0.5123924016952515,0
2023-wimbledon-1302,2,13,Alexander Zverev,Matteo Berrettini,2,1,0.5123927972533486,0
2023-wimbledon-1302,3,1,Alexander Zverev,Matteo Berrettini,2,1,0.5123928189277649,0
2023-wimbledon-1302,3,2,Alexander Zverev,Matteo Berrettini,1,1,0.5123928189277649,1
2023-wimbledon-1302,3,3,Alexander Zverev,Matteo Berrettini,2,1,0.5123928189277649,0
2023-wimbledon-1302,3,4,Alexander Zverev,Matteo Berrettini,1,1,0.5123928189277649,1
2023-wimbledon-1302,3,5,Alexander Zverev,Matteo Berrettini,2,1,0.5123928189277649,0
2023-wimbledon-1302,3,6,Alexander Zverev,Matteo Berrettini,1,1,0.5123928189277649,1
2023-wimbledon-1302,3,7,Alexander Zverev,Matteo Berrettini,2,1,0.5123928189277649,0
2023-wimbledon-1302,3,8,Alexander Zverev,Matteo Berrettini,1,1,0.5123928189277649,1
2023-wimbledon-1302,3,9,Alexander Zverev,Matteo Berrettini,2,1,0.5123928189277649,0
2023-wimbledon-1302,3,10,Alexander Zverev,Matteo Berrettini,1,1,0.5123928189277649,1
2023-wimbledon-1302,3,11,Alexander Zverev,Matteo Berrettini,2,1,0.5123928189277649,0
2023-wimbledon-1302,3,12,Alexander Zverev,Matteo Berrettini,1,1,0.5123928189277649,1
2023-wimbledon-1302,3,13,Alexander Zverev,Matteo Berrettini,2,1,0.5123928139607111,0
2023-wimbledon-1303,1,4,Frances Tiafoe,Grigor Dimitrov,1,2,0.3366266191005707,0
2023-wimbledon-1303,1,5,Frances Tiafoe,Grigor Dimitrov,2,1,0.5021522715687752,0
2023-wimbledon-1303,1,6,Frances Tiafoe,Grigor Dimitrov,2,2,0.48940927038590115,1
2023-wimbledon-1303,1,7,Frances Tiafoe,Grigor Dimitrov,2,2,0.49072167873382566,1
2023-wimbledon-1303,1,8,Frances Tiafoe,Grigor Dimitrov,2,1,0.50015988945961,0
2023-wimbledon-1303,2,1,Frances Tiafoe,Grigor Dimitrov,2,1,0.5054739564657211,0
2023-wimbledon-1303,2,2,Frances Tiafoe,Grigor Dimitrov,1,1,0.5073660016059875,1
2023-wimbledon-1303,2,3,Frances Tiafoe,Grigor Dimitrov,2,1,0.5106736868619919,0
2023-wimbledon-1303,2,4,Frances Tiafoe,Grigor Dimitrov,1,1,0.51111701130867,1
2023-wimbledon-1303,2,5,Frances Tiafoe,Grigor Dimitrov,2,1,0.5114924709002177,0
2023-wimbledon-1303,2,6,Frances Tiafoe,Grigor Dimitrov,2,1,0.5118485450744629,0
2023-wimbledon-1303,2,7,Frances Tiafoe,Grigor Dimitrov,2,1,0.5099466562271118,0
2023-wimbledon-1303,2,8,Frances Tiafoe,Grigor Dimitrov,1,1,0.5118464469909668,1
2023-wimbledon-1303,2,9,Frances Tiafoe,Grigor Dimitrov,2,1,0.5122238496939341,0
2023-wimbledon-1303,3,1,Frances Tiafoe,Grigor Dimitrov,1,1,0.5123553395271301,1
2023-wimbledon-1303,3,2,Frances Tiafoe,Grigor Dimitrov,2,1,0.512392595410347,0
2023-wimbledon-1303,3,3,Frances Tiafoe,Grigor Dimitrov,1,1,0.5114026069641113,1
2023-wimbledon-1303,3,4,Frances Tiafoe,Grigor Dimitrov,2,1,0.5114026069641113,0
2023-wimbledon-1303,3,5,Frances Tiafoe,Grigor Dimitrov,2,1,0.5114026069641113,0
2023-wimbledon-1303,3,6,Frances Tiafoe,Grigor Dimitrov,2,1,0.5114026069641113,0
2023-wimbledon-1303,3,7,Frances Tiafoe,Grigor Dimitrov,2,1,0.5114026069641113,0
2023-wimbledon-1303,3,8,Frances Tiafoe,Grigor Dimitrov,2,1,0.5114026069641113,0
2023-wimbledon-1304,1,4,Alejandro Davidovich Fokina,Holger Rune,2,2,0.30219604074954987,1
2023-wimbledon-1304,1,5,Alejandro Davidovich Fokina,Holger Rune,1,1,0.5108676701784134,1
2023-wimbledon-1304,1,6,Alejandro Davidovich Fokina,Holger Rune,2,2,0.49231305420398713,1
2023-wimbledon-1304,1,7,Alejandro Davidovich Fokina,Holger Rune,2,2,0.4954915829002857,1
2023-wimbledon-1304,1,8,Alejandro Davidovich Fokina,Holger Rune,2,1,0.5035362094640732,0
2023-wimbledon-1304,1,9,Alejandro Davidovich Fokina,Holger Rune,2,1,0.5092160552740097,0
2023-wimbledon-1304,2,1,Alejandro Davidovich Fokina,Holger Rune,2,1,0.5109032690525055,0
2023-wimbledon-1304,2,2,Alejandro Davidovich Fokina,Holger Rune,1,1,0.5115144997835159,1
2023-wimbledon-1304,2,3,Alejandro Davidovich Fokina,Holger Rune,1,1,0.5118898391723633,1
2023-wimbledon-1304,2,4,Alejandro Davidovich Fokina,Holger Rune,1,1,0.512117326259613,1
2023-wimbledon-1304,2,5,Alejandro Davidovich Fokina,Holger Rune,2,1,0.512264358997345,0
2023-wimbledon-1304,2,6,Alejandro Davidovich Fokina,Holger Rune,2,1,0.5123690627515316,0
2023-wimbledon-1304,2,7,Alejandro Davidovich Fokina,Holger Rune,1,1,0.5123903652032217,1
2023-wimbledon-1304,2,8,Alejandro Davidovich Fokina,Holger Rune,1,1,0.5123951137065887,1
2023-wimbledon-1304,2,9,Alejandro Davidovich Fokina,Holger Rune,2,1,0.5123935788869858,0
2023-wimbledon-1304,2,10,Alejandro Davidovich Fokina,Holger Rune,1,1,0.5123929381370544,1
2023-wimbledon-1304,3,1,Alejandro Davidovich Fokina,Holger Rune,2,1,0.5123903632164002,0
2023-wimbledon-1304,3,2,Alejandro Davidovich Fokina,Holger Rune,1,1,0.5123950481414795,1
2023-wimbledon-1304,3,3,Alejandro Davidovich Fokina,Holger Rune,1,1,0.5123932262261709,1
2023-wimbledon-1304,3,4,Alejandro Davidovich Fokina,Holger Rune,1,1,0.512392807006836,1
2023-wimbledon-1304,3,5,Alejandro Davidovich Fokina,Holger Rune,2,1,0.5123927593231201,0
2023-wimbledon-1304,3,6,Alejandro Davidovich Fokina,Holger Rune,1,1,0.5123928189277649,1
2023-wimbledon-1304,3,7,Alejandro Davidovich Fokina,Holger Rune,2,1,0.5123928189277649,0
2023-wimbledon-1304,3,8,Alejandro Davidovich Fokina,Holger Rune,1,1,0.5123928189277649,1
2023-wimbledon-1304,3,9,Alejandro Davidovich Fokina,Holger Rune,1,1,0.5123928189277649,1
2023-wimbledon-1304,4,1,Alejandro Davidovich Fokina,Holger Rune,2,1,0.5123928189277649,0
2023-wimbledon-1304,4,2,Alejandro Davidovich Fokina,Holger Rune,2,1,0.5123928189277649,0
2023-wimbledon-1304,4,3,Alejandro Davidovich Fokina,Holger Rune,1,1,0.5123928189277649,1
2023-wimbledon-1304,4,4,Alejandro Davidovich Fokina,Holger Rune,2,1,0.5123928189277649,0
2023-wimbledon-1304,4,5,Alejandro Davidovich Fokina,Holger Rune,1,1,0.5123928189277649,1
2023-wimbledon-1304,4,6,Alejandro Davidovich Fokina,Holger Rune,2,1,0.5123928189277649,0
2023-wimbledon-1304,4,7,Alejandro Davidovich Fokina,Holger Rune,1,1,0.5123928189277649,1
2023-wimbledon-1304,4,8,Alejandro Davidovich Fokina,Holger Rune,2,1,0.5123926401138306,0
2023-wimbledon-1304,4,9,Alejandro Davidovich Fokina,Holger Rune,1,1,0.5123929778734843,1
2023-wimbledon-1304,4,10,Alejandro Davidovich Fokina,Holger Rune,2,1,0.5123928129673004,0
2023-wimbledon-1304,5,1,Alejandro Davidovich Fokina,Holger Rune,1,1,0.5123928308486938,1
2023-wimbledon-1304,5,2,Alejandro Davidovich Fokina,Holger Rune,2,1,0.5123928189277649,0
2023-wimbledon-1304,5,3,Alejandro Davidovich Fokina,Holger Rune,1,1,0.5123928189277649,1
2023-wimbledon-1304,5,4,Alejandro Davidovich Fokina,Holger Rune,2,1,0.5123928189277649,0
2023-wimbledon-1304,5,5,Alejandro Davidovich Fokina,Holger Rune,1,1,0.5123928189277649,1
2023-wimbledon-1304,5,6,Alejandro Davidovich Fokina,Holger Rune,2,1,0.5123928189277649,0
2023-wimbledon-1304,5,7,Alejandro Davidovich Fokina,Holger Rune,1,1,0.5123928189277649,1
2023-wimbledon-1304,5,8,Alejandro Davidovich Fokina,Holger Rune,2,1,0.5123928189277649,0
2023-wimbledon-1304,5,9,Alejandro Davidovich Fokina,Holger Rune,1,1,0.5123928189277649,1
2023-wimbledon-1304,5,10,Alejandro Davidovich Fokina,Holger Rune,2,1,0.5123928040266037,0
2023-wimbledon-1304,5,11,Alejandro Davidovich Fokina,Holger Rune,1,1,0.5123928248882293,1
2023-wimbledon-1304,5,12,Alejandro Davidovich Fokina,Holger Rune,2,1,0.5123928189277649,0
2023-wimbledon-1304,5,13,Alejandro Davidovich Fokina,Holger Rune,2,1,0.5123928156163957,0
2023-wimbledon-1305,1,4,Daniil Medvedev,Marton Fucsovics,2,2,0.4294039264321327,1
2023-wimbledon-1305,1,5,Daniil Medvedev,Marton Fucsovics,1,2,0.4920291811227798,0
2023-wimbledon-1305,1,6,Daniil Medvedev,Marton Fucsovics,2,2,0.49286215504010517,1
2023-wimbledon-1305,1,7,Daniil Medvedev,Marton Fucsovics,1,2,0.4996720304091771,0
2023-wimbledon-1305,1,8,Daniil Medvedev,Marton Fucsovics,2,1,0.5046952962875366,0
2023-wimbledon-1305,1,9,Daniil Medvedev,Marton Fucsovics,1,1,0.5076138734817505,1
2023-wimbledon-1305,1,10,Daniil Medvedev,Marton Fucsovics,2,1,0.5092252641916275,0
2023-wimbledon-1305,2,1,Daniil Medvedev,Marton Fucsovics,1,1,0.5111131072044373,1
2023-wimbledon-1305,2,2,Daniil Medvedev,Marton Fucsovics,2,1,0.511869748433431,0
2023-wimbledon-1305,2,3,Daniil Medvedev,Marton Fucsovics,1,1,0.5117314234375954,1
2023-wimbledon-1305,2,4,Daniil Medvedev,Marton Fucsovics,1,1,0.5109341889619827,1
2023-wimbledon-1305,2,5,Daniil Medvedev,Marton Fucsovics,1,1,0.51175407320261,1
2023-wimbledon-1305,2,6,Daniil Medvedev,Marton Fucsovics,2,1,0.5122578501701355,0
2023-wimbledon-1305,2,7,Daniil Medvedev,Marton Fucsovics,1,1,0.5123503565788269,1
2023-wimbledon-1305,2,8,Daniil Medvedev,Marton Fucsovics,2,1,0.5123936633268992,0
2023-wimbledon-1305,2,9,Daniil Medvedev,Marton Fucsovics,1,1,0.5123928089936575,1
2023-wimbledon-1305,3,1,Daniil Medvedev,Marton Fucsovics,1,1,0.5123927235603333,1
2023-wimbledon-1305,3,2,Daniil Medvedev,Marton Fucsovics,1,1,0.5123927146196365,1
2023-wimbledon-1305,3,3,Daniil Medvedev,Marton Fucsovics,2,1,0.5123917698860169,0
2023-wimbledon-1305,3,4,Daniil Medvedev,Marton Fucsovics,1,1,0.5123933156331381,1
2023-wimbledon-1305,3,5,Daniil Medvedev,Marton Fucsovics,2,1,0.5123937427997589,0
2023-wimbledon-1305,3,6,Daniil Medvedev,Marton Fucsovics,1,1,0.5123929083347321,1
2023-wimbledon-1305,3,7,Daniil Medvedev,Marton Fucsovics,2,1,0.5123924712340037,0
2023-wimbledon-1305,3,8,Daniil Medvedev,Marton Fucsovics,1,1,0.5123930215835572,1
2023-wimbledon-1305,3,9,Daniil Medvedev,Marton Fucsovics,2,1,0.5123908221721649,0
2023-wimbledon-1305,3,10,Daniil Medvedev,Marton Fucsovics,1,1,0.5123963554700216,1
2023-wimbledon-1305,4,1,Daniil Medvedev,Marton Fucsovics,2,1,0.5123929381370544,0
2023-wimbledon-1305,4,2,Daniil Medvedev,Marton Fucsovics,1,1,0.5123923569917679,1
2023-wimbledon-1305,4,3,Daniil Medvedev,Marton Fucsovics,1,1,0.5123928189277649,1
2023-wimbledon-1305,4,4,Daniil Medvedev,Marton Fucsovics,1,1,0.5123928189277649,1
2023-wimbledon-1305,4,5,Daniil Medvedev,Marton Fucsovics,2,1,0.5123927965760231,0
2023-wimbledon-1305,4,6,Daniil Medvedev,Marton Fucsovics,1,1,0.5123928586641947,1
2023-wimbledon-1305,4,7,Daniil Medvedev,Marton Fucsovics,2,1,0.5123928189277649,0
2023-wimbledon-1305,4,8,Daniil Medvedev,Marton Fucsovics,1,1,0.5123927667737007,1
2023-wimbledon-1305,4,9,Daniil Medvedev,Marton Fucsovics,2,1,0.5123928308486938,0
2023-wimbledon-1305,4,10,Daniil Medvedev,Marton Fucsovics,1,1,0.5123927791913351,1
2023-wimbledon-1306,1,4,Jiri Lehecka,Tommy Paul,1,1,0.5104226171970367,1
2023-wimbledon-1306,1,5,Jiri Lehecka,Tommy Paul,1,2,0.4904347598552704,0
2023-wimbledon-1306,1,6,Jiri Lehecka,Tommy Paul,1,2,0.4896964907646179,0
2023-wimbledon-1306,1,7,Jiri Lehecka,Tommy Paul,2,2,0.49461236596107483,1
2023-wimbledon-1306,1,8,Jiri Lehecka,Tommy Paul,1,1,0.5002362787723541,1
2023-wimbledon-1306,2,1,Jiri Lehecka,Tommy Paul,2,1,0.5053122242291769,0
2023-wimbledon-1306,2,2,Jiri Lehecka,Tommy Paul,1,1,0.5084620515505472,1
2023-wimbledon-1306,2,3,Jiri Lehecka,Tommy Paul,2,1,0.5111978948116302,0
2023-wimbledon-1306,2,4,Jiri Lehecka,Tommy Paul,1,1,0.5119031667709351,1
2023-wimbledon-1306,2,5,Jiri Lehecka,Tommy Paul,2,1,0.5121146082878113,0
2023-wimbledon-1306,2,6,Jiri Lehecka,Tommy Paul,1,1,0.5122845053672791,1
2023-wimbledon-1306,2,7,Jiri Lehecka,Tommy Paul,2,1,0.5123562514781952,0
2023-wimbledon-1306,2,8,Jiri Lehecka,Tommy Paul,1,1,0.5123785257339477,1
2023-wimbledon-1306,2,9,Jiri Lehecka,Tommy Paul,2,1,0.5123888999223709,0
2023-wimbledon-1306,2,10,Jiri Lehecka,Tommy Paul,1,1,0.5123912990093231,1
2023-wimbledon-1306,2,11,Jiri Lehecka,Tommy Paul,2,1,0.5123922377824783,0
2023-wimbledon-1306,2,12,Jiri Lehecka,Tommy Paul,1,1,0.5123924970626831,1
2023-wimbledon-1306,2,13,Jiri Lehecka,Tommy Paul,1,1,0.5123927063412137,1
2023-wimbledon-1306,3,1,Jiri Lehecka,Tommy Paul,1,1,0.512392783164978,1
2023-wimbledon-1306,3,2,Jiri Lehecka,Tommy Paul,2,1,0.5123928189277649,0
2023-wimbledon-1306,3,3,Jiri Lehecka,Tommy Paul,2,1,0.5123928189277649,0
2023-wimbledon-1306,3,4,Jiri Lehecka,Tommy Paul,1,1,0.5123919367790222,1
2023-wimbledon-1306,3,5,Jiri Lehecka,Tommy Paul,1,1,0.5123938173055649,1
2023-wimbledon-1306,3,6,Jiri Lehecka,Tommy Paul,2,1,0.5123930096626281,0
2023-wimbledon-1306,3,7,Jiri Lehecka,Tommy Paul,1,1,0.5123928338289261,1
2023-wimbledon-1306,3,8,Jiri Lehecka,Tommy Paul,2,1,0.5123932838439942,0
2023-wimbledon-1306,3,9,Jiri Lehecka,Tommy Paul,1,1,0.5123928189277649,1
2023-wimbledon-1306,3,10,Jiri Lehecka,Tommy Paul,2,1,0.5123928189277649,0
2023-wimbledon-1306,3,11,Jiri Lehecka,Tommy Paul,1,1,0.5123928189277649,1
2023-wimbledon-1306,3,12,Jiri Lehecka,Tommy Paul,2,1,0.5123928189277649,0
2023-wimbledon-1306,3,13,Jiri Lehecka,Tommy Paul,2,1,0.5123928288618723,0
2023-wimbledon-1306,4,1,Jiri Lehecka,Tommy Paul,2,1,0.512392795085907,0
2023-wimbledon-1306,4,2,Jiri Lehecka,Tommy Paul,1,1,0.5123928308486938,1
2023-wimbledon-1306,4,3,Jiri Lehecka,Tommy Paul,2,1,0.5123929858207703,0
2023-wimbledon-1306,4,4,Jiri Lehecka,Tommy Paul,1,1,0.5123928859829903,1
2023-wimbledon-1306,4,5,Jiri Lehecka,Tommy Paul,2,1,0.5123928288618723,0
2023-wimbledon-1306,4,6,Jiri Lehecka,Tommy Paul,1,1,0.5123929023742676,1
2023-wimbledon-1306,4,7,Jiri Lehecka,Tommy Paul,2,1,0.5123928189277649,0
2023-wimbledon-1306,4,8,Jiri Lehecka,Tommy Paul,1,1,0.5123928189277649,1
2023-wimbledon-1306,4,9,Jiri Lehecka,Tommy Paul,2,1,0.5123928189277649,0
2023-wimbledon-1306,4,10,Jiri Lehecka,Tommy Paul,1,1,0.5123928189277649,1
2023-wimbledon-1306,4,11,Jiri Lehecka,Tommy Paul,2,1,0.5123928189277649,0
2023-wimbledon-1306,4,12,Jiri Lehecka,Tommy Paul,1,1,0.5123928189277649,1
2023-wimbledon-1306,4,13,Jiri Lehecka,Tommy Paul,2,1,0.5123928189277649,0
2023-wimbledon-1306,5,1,Jiri Lehecka,Tommy Paul,1,1,0.5123928189277649,1
2023-wimbledon-1306,5,2,Jiri Lehecka,Tommy Paul,2,1,0.5123928189277649,0
2023-wimbledon-1306,5,3,Jiri Lehecka,Tommy Paul,1,1,0.5123928189277649,1
2023-wimbledon-1306,5,4,Jiri Lehecka,Tommy Paul,2,1,0.5123928189277649,0
2023-wimbledon-1306,5,5,Jiri Lehecka,Tommy Paul,1,1,0.5123928189277649,1
2023-wimbledon-1306,5,6,Jiri Lehecka,Tommy Paul,1,1,0.5123928189277649,1
2023-wimbledon-1306,5,7,Jiri Lehecka,Tommy Paul,1,1,0.512392807006836,1
2023-wimbledon-1306,5,8,Jiri Lehecka,Tommy Paul,1,1,0.5123928189277649,1
2023-wimbledon-1307,1,4,Christopher Eubanks,Christopher O'Connell,2,2,0.20562085509300232,1
2023-wimbledon-1307,1,5,Christopher Eubanks,Christopher O'Connell,1,1,0.5136153936386109,1
2023-wimbledon-1307,1,6,Christopher Eubanks,Christopher O'Connell,1,1,0.5002780109643936,1
2023-wimbledon-1307,1,7,Christopher Eubanks,Christopher O'Connell,2,1,0.511710524559021,0
2023-wimbledon-1307,1,8,Christopher Eubanks,Christopher O'Connell,2,1,0.5123979449272156,0
2023-wimbledon-1307,1,9,Christopher Eubanks,Christopher O'Connell,1,1,0.5123961716890335,1
2023-wimbledon-1307,1,10,Christopher Eubanks,Christopher O'Connell,2,1,0.5123946189880371,0
2023-wimbledon-1307,1,11,Christopher Eubanks,Christopher O'Connell,1,1,0.512393981218338,1
2023-wimbledon-1307,1,12,Christopher Eubanks,Christopher O'Connell,2,1,0.5123942375183106,0
2023-wimbledon-1307,1,13,Christopher Eubanks,Christopher O'Connell,1,1,0.5123931964238485,1
2023-wimbledon-1307,2,1,Christopher Eubanks,Christopher O'Connell,2,1,0.5123930275440216,0
2023-wimbledon-1307,2,2,Christopher Eubanks,Christopher O'Connell,1,1,0.5123931616544724,1
2023-wimbledon-1307,2,3,Christopher Eubanks,Christopher O'Connell,2,1,0.5123929083347321,0
2023-wimbledon-1307,2,4,Christopher Eubanks,Christopher O'Connell,1,1,0.5123929142951965,1
2023-wimbledon-1307,2,5,Christopher Eubanks,Christopher O'Connell,2,1,0.5123929381370544,0
2023-wimbledon-1307,2,6,Christopher Eubanks,Christopher O'Connell,1,1,0.5123930424451828,1
2023-wimbledon-1307,2,7,Christopher Eubanks,Christopher O'Connell,2,1,0.5123928785324097,0
2023-wimbledon-1307,2,8,Christopher Eubanks,Christopher O'Connell,1,1,0.5123924255371094,1
2023-wimbledon-1307,2,9,Christopher Eubanks,Christopher O'Connell,2,1,0.5123934298753738,0
2023-wimbledon-1307,2,10,Christopher Eubanks,Christopher O'Connell,1,1,0.5123929083347321,1
2023-wimbledon-1307,2,11,Christopher Eubanks,Christopher O'Connell,2,1,0.5123928189277649,0
2023-wimbledon-1307,2,12,Christopher Eubanks,Christopher O'Connell,1,1,0.512393307685852,1
2023-wimbledon-1307,2,13,Christopher Eubanks,Christopher O'Connell,1,1,0.5123928189277649,1
2023-wimbledon-1307,3,1,Christopher Eubanks,Christopher O'Connell,1,1,0.5123928189277649,1
2023-wimbledon-1307,3,2,Christopher Eubanks,Christopher O'Connell,2,1,0.5123931566874186,0
2023-wimbledon-1307,3,3,Christopher Eubanks,Christopher O'Connell,1,1,0.5123928189277649,1
2023-wimbledon-1307,3,4,Christopher Eubanks,Christopher O'Connell,2,1,0.5123928248882293,0
2023-wimbledon-1307,3,5,Christopher Eubanks,Christopher O'Connell,1,1,0.5123928189277649,1
2023-wimbledon-1307,3,6,Christopher Eubanks,Christopher O'Connell,2,1,0.5123928338289261,0
2023-wimbledon-1307,3,7,Christopher Eubanks,Christopher O'Connell,1,1,0.5123928189277649,1
2023-wimbledon-1307,3,8,Christopher Eubanks,Christopher O'Connell,2,1,0.5123928189277649,0
2023-wimbledon-1307,3,9,Christopher Eubanks,Christopher O'Connell,1,1,0.5123928189277649,1
2023-wimbledon-1307,3,10,Christopher Eubanks,Christopher O'Connell,2,1,0.5123928189277649,0
2023-wimbledon-1307,3,11,Christopher Eubanks,Christopher O'Connell,1,1,0.5123928129673004,1
2023-wimbledon-1307,3,12,Christopher Eubanks,Christopher O'Connell,2,1,0.5123928189277649,0
2023-wimbledon-1307,3,13,Christopher Eubanks,Christopher O'Connell,1,1,0.5123929116461012,1
2023-wimbledon-1308,1,4,Laslo Djere,Stefanos Tsitsipas,1,2,0.41203818619251253,0
2023-wimbledon-1308,1,5,Laslo Djere,Stefanos Tsitsipas,2,2,0.4886506736278534,1
2023-wimbledon-1308,1,6,Laslo Djere,Stefanos Tsitsipas,1,2,0.48898589611053467,0
2023-wimbledon-1308,1,7,Laslo Djere,Stefanos Tsitsipas,2,2,0.49380457401275635,1
2023-wimbledon-1308,1,8,Laslo Djere,Stefanos Tsitsipas,1,2,0.49794281646609306,0
2023-wimbledon-1308,1,9,Laslo Djere,Stefanos Tsitsipas,2,1,0.5044938921928406,0
2023-wimbledon-1308,1,10,Laslo Djere,Stefanos Tsitsipas,2,1,0.5076311707496644,0
2023-wimbledon-1308,2,1,Laslo Djere,Stefanos Tsitsipas,1,1,0.5106440186500549,1
2023-wimbledon-1308,2,2,Laslo Djere,Stefanos Tsitsipas,1,1,0.5118257164955139,1
2023-wimbledon-1308,2,3,Laslo Djere,Stefanos Tsitsipas,2,1,0.5122095793485641,0
2023-wimbledon-1308,2,4,Laslo Djere,Stefanos Tsitsipas,1,1,0.5123294711112976,1
2023-wimbledon-1308,2,5,Laslo Djere,Stefanos Tsitsipas,2,1,0.5123855471611023,0
2023-wimbledon-1308,2,6,Laslo Djere,Stefanos Tsitsipas,2,1,0.5123927791913351,0
2023-wimbledon-1308,2,7,Laslo Djere,Stefanos Tsitsipas,2,1,0.5123928189277649,0
2023-wimbledon-1308,2,8,Laslo Djere,Stefanos Tsitsipas,1,1,0.5123928189277649,1
2023-wimbledon-1308,2,9,Laslo Djere,Stefanos Tsitsipas,2,1,0.5123928189277649,0
2023-wimbledon-1308,2,10,Laslo Djere,Stefanos Tsitsipas,1,1,0.5123928189277649,1
2023-wimbledon-1308,2,11,Laslo Djere,Stefanos Tsitsipas,2,1,0.5123903527855873,0
2023-wimbledon-1308,2,12,Laslo Djere,Stefanos Tsitsipas,1,1,0.5123973339796066,1
2023-wimbledon-1308,2,13,Laslo Djere,Stefanos Tsitsipas,2,1,0.5123931517203649,0
2023-wimbledon-1308,3,1,Laslo Djere,Stefanos Tsitsipas,1,1,0.5123927295207977,1
2023-wimbledon-1308,3,2,Laslo Djere,Stefanos Tsitsipas,2,1,0.5123928189277649,0
2023-wimbledon-1308,3,3,Laslo Djere,Stefanos Tsitsipas,2,1,0.5123928189277649,0
2023-wimbledon-1308,3,4,Laslo Djere,Stefanos Tsitsipas,2,1,0.5123928189277649,0
2023-wimbledon-1308,3,5,Laslo Djere,Stefanos Tsitsipas,1,1,0.5123928189277649,1
2023-wimbledon-1308,3,6,Laslo Djere,Stefanos Tsitsipas,2,1,0.5123928189277649,0
2023-wimbledon-1308,3,7,Laslo Djere,Stefanos Tsitsipas,1,1,0.5123928189277649,1
2023-wimbledon-1308,3,8,Laslo Djere,Stefanos Tsitsipas,2,1,0.5123928189277649,0
2023-wimbledon-1308,3,9,Laslo Djere,Stefanos Tsitsipas,1,1,0.5123918771743774,1
2023-wimbledon-1308,3,10,Laslo Djere,Stefanos Tsitsipas,2,1,0.5123941749334335,0
2023-wimbledon-1309,1,3,Jannik Sinner,Quentin Halys,2,2,0.48374363283316296,1
2023-wimbledon-1309,1,4,Jannik Sinner,Quentin Halys,2,2,0.4915359566609065,1
2023-wimbledon-1309,1,5,Jannik Sinner,Quentin Halys,2,2,0.49284002780914304,1
2023-wimbledon-1309,1,6,Jannik Sinner,Quentin Halys,1,2,0.4919241741299629,0
2023-wimbledon-1309,1,7,Jannik Sinner,Quentin Halys,2,2,0.4981217920780182,1
2023-wimbledon-1309,1,8,Jannik Sinner,Quentin Halys,1,1,0.5055363655090332,1
2023-wimbledon-1309,1,9,Jannik Sinner,Quentin Halys,2,1,0.5087292909622192,0
2023-wimbledon-1309,2,1,Jannik Sinner,Quentin Halys,1,1,0.5109168291091919,1
2023-wimbledon-1309,2,2,Jannik Sinner,Quentin Halys,1,1,0.5117365618546804,1
2023-wimbledon-1309,2,3,Jannik Sinner,Quentin Halys,1,1,0.5120099584261576,1
2023-wimbledon-1309,2,4,Jannik Sinner,Quentin Halys,2,1,0.5121966302394867,0
2023-wimbledon-1309,2,5,Jannik Sinner,Quentin Halys,1,1,0.5123151391744614,1
2023-wimbledon-1309,2,6,Jannik Sinner,Quentin Halys,2,1,0.5123633742332458,0
2023-wimbledon-1309,2,7,Jannik Sinner,Quentin Halys,1,1,0.5123856663703918,1
2023-wimbledon-1309,2,8,Jannik Sinner,Quentin Halys,1,1,0.5123914380868276,1
2023-wimbledon-1309,3,1,Jannik Sinner,Quentin Halys,1,1,0.5123927493890127,1
2023-wimbledon-1309,3,2,Jannik Sinner,Quentin Halys,2,1,0.5123933255672455,0
2023-wimbledon-1309,3,3,Jannik Sinner,Quentin Halys,1,1,0.5123928189277649,1
2023-wimbledon-1309,3,4,Jannik Sinner,Quentin Halys,2,1,0.5123930126428604,0
2023-wimbledon-1309,3,5,Jannik Sinner,Quentin Halys,1,1,0.5123928636312485,1
2023-wimbledon-1309,3,6,Jannik Sinner,Quentin Halys,1,1,0.5123928089936575,1
2023-wimbledon-1309,3,7,Jannik Sinner,Quentin Halys,1,1,0.5123928308486938,1
2023-wimbledon-1309,3,8,Jannik Sinner,Quentin Halys,2,1,0.5123928338289261,0
2023-wimbledon-1309,3,9,Jannik Sinner,Quentin Halys,1,1,0.5123928189277649,1
2023-wimbledon-1309,4,1,Jannik Sinner,Quentin Halys,2,1,0.5123928274427142,0
2023-wimbledon-1309,4,2,Jannik Sinner,Quentin Halys,2,1,0.5123927493890127,0
2023-wimbledon-1309,4,3,Jannik Sinner,Quentin Halys,1,1,0.5123928487300873,1
2023-wimbledon-1309,4,4,Jannik Sinner,Quentin Halys,1,1,0.5123928263783455,1
2023-wimbledon-1309,4,5,Jannik Sinner,Quentin Halys,2,1,0.5123927816748619,0
2023-wimbledon-1309,4,6,Jannik Sinner,Quentin Halys,1,1,0.512392783164978,1
2023-wimbledon-1309,4,7,Jannik Sinner,Quentin Halys,2,1,0.5123928666114808,0
2023-wimbledon-1309,4,8,Jannik Sinner,Quentin Halys,1,1,0.5123928189277649,1
2023-wimbledon-1309,4,9,Jannik Sinner,Quentin Halys,1,1,0.5123928189277649,1
2023-wimbledon-1309,4,10,Jannik Sinner,Quentin Halys,1,1,0.5123928189277649,1
2023-wimbledon-1310,1,2,Daniel Elahi Galan,Mikael Ymer,2,2,0.20827173441648483,1
2023-wimbledon-1310,1,3,Daniel Elahi Galan,Mikael Ymer,1,1,0.513085561990738,1
2023-wimbledon-1310,1,4,Daniel Elahi Galan,Mikael Ymer,1,1,0.5157765448093414,1
2023-wimbledon-1310,1,5,Daniel Elahi Galan,Mikael Ymer,1,1,0.5121840357780456,1
2023-wimbledon-1310,1,6,Daniel Elahi Galan,Mikael Ymer,1,1,0.511719000339508,1
2023-wimbledon-1310,1,7,Daniel Elahi Galan,Mikael Ymer,1,1,0.5120159089565277,1
2023-wimbledon-1310,1,8,Daniel Elahi Galan,Mikael Ymer,1,1,0.512259590625763,1
2023-wimbledon-1310,2,1,Daniel Elahi Galan,Mikael Ymer,2,1,0.5122394263744354,0
2023-wimbledon-1310,2,2,Daniel Elahi Galan,Mikael Ymer,2,1,0.5113880857825279,0
2023-wimbledon-1310,2,3,Daniel Elahi Galan,Mikael Ymer,1,1,0.5119739323854446,1
2023-wimbledon-1310,2,4,Daniel Elahi Galan,Mikael Ymer,1,1,0.512221172451973,1
2023-wimbledon-1310,2,5,Daniel Elahi Galan,Mikael Ymer,1,1,0.5123529434204102,1
2023-wimbledon-1310,2,6,Daniel Elahi Galan,Mikael Ymer,2,1,0.5123846054077148,0
2023-wimbledon-1310,2,7,Daniel Elahi Galan,Mikael Ymer,2,1,0.5123506486415863,0
2023-wimbledon-1310,2,8,Daniel Elahi Galan,Mikael Ymer,1,1,0.5124202445149422,1
2023-wimbledon-1310,2,9,Daniel Elahi Galan,Mikael Ymer,2,1,0.5123484015464783,0
2023-wimbledon-1310,2,10,Daniel Elahi Galan,Mikael Ymer,1,1,0.5123932436108589,1
2023-wimbledon-1310,2,11,Daniel Elahi Galan,Mikael Ymer,1,1,0.5123535295327505,1
2023-wimbledon-1310,2,12,Daniel Elahi Galan,Mikael Ymer,2,1,0.5124185234308243,0
2023-wimbledon-1310,2,13,Daniel Elahi Galan,Mikael Ymer,2,1,0.5123887923028734,0
2023-wimbledon-1310,3,1,Daniel Elahi Galan,Mikael Ymer,2,1,0.5123993992805481,0
2023-wimbledon-1310,3,2,Daniel Elahi Galan,Mikael Ymer,2,1,0.5123410373926163,0
2023-wimbledon-1310,3,3,Daniel Elahi Galan,Mikael Ymer,1,1,0.512417197227478,1
2023-wimbledon-1310,3,4,Daniel Elahi Galan,Mikael Ymer,2,1,0.5123757123947144,0
2023-wimbledon-1310,3,5,Daniel Elahi Galan,Mikael Ymer,1,1,0.5124000906944275,1
2023-wimbledon-1310,3,6,Daniel Elahi Galan,Mikael Ymer,1,1,0.5123222947120667,1
2023-wimbledon-1310,3,7,Daniel Elahi Galan,Mikael Ymer,1,1,0.5124365165829659,1
2023-wimbledon-1310,3,8,Daniel Elahi Galan,Mikael Ymer,2,1,0.5123671412467956,0
2023-wimbledon-1310,3,9,Daniel Elahi Galan,Mikael Ymer,1,1,0.5124019742012024,1
2023-wimbledon-1310,3,10,Daniel Elahi Galan,Mikael Ymer,2,1,0.5124001652002335,0
2023-wimbledon-1310,3,11,Daniel Elahi Galan,Mikael Ymer,1,1,0.5123981237411499,1
2023-wimbledon-1310,3,12,Daniel Elahi Galan,Mikael Ymer,2,1,0.512393057346344,0
2023-wimbledon-1310,3,13,Daniel Elahi Galan,Mikael Ymer,1,1,0.5123836497465769,1
2023-wimbledon-1310,4,1,Daniel Elahi Galan,Mikael Ymer,2,1,0.5124054551124573,0
2023-wimbledon-1310,4,2,Daniel Elahi Galan,Mikael Ymer,1,1,0.5123894572257995,1
2023-wimbledon-1310,4,3,Daniel Elahi Galan,Mikael Ymer,1,1,0.5123923569917679,1
2023-wimbledon-1310,4,4,Daniel Elahi Galan,Mikael Ymer,2,1,0.5123996376991272,0
2023-wimbledon-1310,4,5,Daniel Elahi Galan,Mikael Ymer,2,1,0.5123919546604156,0
2023-wimbledon-1310,4,6,Daniel Elahi Galan,Mikael Ymer,2,1,0.5123957892258962,0
2023-wimbledon-1310,4,7,Daniel Elahi Galan,Mikael Ymer,2,1,0.5123919367790222,0
2023-wimbledon-1310,4,8,Daniel Elahi Galan,Mikael Ymer,1,1,0.5123962014913559,1
2023-wimbledon-1310,4,9,Daniel Elahi Galan,Mikael Ymer,2,1,0.5123920142650604,0
2023-wimbledon-1310,5,1,Daniel Elahi Galan,Mikael Ymer,1,1,0.5123929977416992,1
2023-wimbledon-1310,5,2,Daniel Elahi Galan,Mikael Ymer,1,1,0.5123911947011948,1
2023-wimbledon-1310,5,3,Daniel Elahi Galan,Mikael Ymer,1,1,0.5123959660530091,1
2023-wimbledon-1310,5,4,Daniel Elahi Galan,Mikael Ymer,2,1,0.5123880863189697,0
2023-wimbledon-1310,5,5,Daniel Elahi Galan,Mikael Ymer,1,1,0.5123980045318604,1
2023-wimbledon-1310,5,6,Daniel Elahi Galan,Mikael Ymer,1,1,0.5123928785324097,1
2023-wimbledon-1310,5,7,Daniel Elahi Galan,Mikael Ymer,1,1,0.5123928387959799,1
2023-wimbledon-1311,1,3,Guido Pella,Roman Safiullin,1,2,0.2830028533935547,0
2023-wimbledon-1311,1,4,Guido Pella,Roman Safiullin,2,1,0.5135149240493775,0
2023-wimbledon-1311,1,5,Guido Pella,Roman Safiullin,1,1,0.5113863110542297,1
2023-wimbledon-1311,1,6,Guido Pella,Roman Safiullin,2,1,0.5102754473686218,0
2023-wimbledon-1311,1,7,Guido Pella,Roman Safiullin,1,1,0.5108226736386617,1
2023-wimbledon-1311,1,8,Guido Pella,Roman Safiullin,2,1,0.5117123275995255,0
2023-wimbledon-1311,1,9,Guido Pella,Roman Safiullin,1,1,0.5113641122976939,1
2023-wimbledon-1311,1,10,Guido Pella,Roman Safiullin,2,1,0.5119285583496094,0
2023-wimbledon-1311,1,11,Guido Pella,Roman Safiullin,1,1,0.5119213461875916,1
2023-wimbledon-1311,1,12,Guido Pella,Roman Safiullin,2,1,0.5122117400169373,0
2023-wimbledon-1311,1,13,Guido Pella,Roman Safiullin,2,1,0.5123554393649101,0
2023-wimbledon-1311,2,1,Guido Pella,Roman Safiullin,2,1,0.5123832285404205,0
2023-wimbledon-1311,2,2,Guido Pella,Roman Safiullin,1,1,0.5120682269334793,1
2023-wimbledon-1311,2,3,Guido Pella,Roman Safiullin,2,1,0.512334518134594,0
2023-wimbledon-1311,2,4,Guido Pella,Roman Safiullin,1,1,0.5123890519142151,1
2023-wimbledon-1311,2,5,Guido Pella,Roman Safiullin,2,1,0.5123966634273529,0
2023-wimbledon-1311,2,6,Guido Pella,Roman Safiullin,1,1,0.5123964071273803,1
2023-wimbledon-1311,2,7,Guido Pella,Roman Safiullin,2,1,0.5123909711837769,0
2023-wimbledon-1311,2,8,Guido Pella,Roman Safiullin,1,1,0.5123979091644287,1
2023-wimbledon-1311,2,9,Guido Pella,Roman Safiullin,2,1,0.5123948752880096,0
2023-wimbledon-1311,2,10,Guido Pella,Roman Safiullin,2,1,0.5123980522155762,0
2023-wimbledon-1311,3,1,Guido Pella,Roman Safiullin,2,1,0.5123928427696228,0
2023-wimbledon-1311,3,2,Guido Pella,Roman Safiullin,2,1,0.512394001086553,0
2023-wimbledon-1311,3,3,Guido Pella,Roman Safiullin,2,1,0.5123939911524454,0
2023-wimbledon-1311,3,4,Guido Pella,Roman Safiullin,2,1,0.5123939037322998,0
2023-wimbledon-1311,3,5,Guido Pella,Roman Safiullin,2,1,0.51239413022995,0
2023-wimbledon-1311,3,6,Guido Pella,Roman Safiullin,2,1,0.5123938918113708,0
2023-wimbledon-1312,1,4,Denis Shapovalov,Liam Broady,1,2,0.4647185616195202,0
2023-wimbledon-1312,1,5,Denis Shapovalov,Liam Broady,2,2,0.49624690413475037,1
2023-wimbledon-1312,1,6,Denis Shapovalov,Liam Broady,2,1,0.5034186601638794,0
2023-wimbledon-1312,1,7,Denis Shapovalov,Liam Broady,2,1,0.5072438816229502,0
2023-wimbledon-1312,1,8,Denis Shapovalov,Liam Broady,1,1,0.5100069244702657,1
2023-wimbledon-1312,1,9,Denis Shapovalov,Liam Broady,2,1,0.5112735152244567,0
2023-wimbledon-1312,1,10,Denis Shapovalov,Liam Broady,2,1,0.512167888879776,0
2023-wimbledon-1312,2,1,Denis Shapovalov,Liam Broady,2,1,0.512330973148346,0
2023-wimbledon-1312,2,2,Denis Shapovalov,Liam Broady,1,1,0.512378104031086,1
2023-wimbledon-1312,2,3,Denis Shapovalov,Liam Broady,1,1,0.5123918771743774,1
2023-wimbledon-1312,2,4,Denis Shapovalov,Liam Broady,1,1,0.5123918851216634,1
2023-wimbledon-1312,2,5,Denis Shapovalov,Liam Broady,2,1,0.512393556535244,0
2023-wimbledon-1312,2,6,Denis Shapovalov,Liam Broady,1,1,0.5123925134539604,1
2023-wimbledon-1312,2,7,Denis Shapovalov,Liam Broady,1,1,0.5123932560284933,1
2023-wimbledon-1312,2,8,Denis Shapovalov,Liam Broady,1,1,0.512391722202301,1
2023-wimbledon-1312,3,1,Denis Shapovalov,Liam Broady,2,1,0.5123937427997589,0
2023-wimbledon-1312,3,2,Denis Shapovalov,Liam Broady,1,1,0.5123929500579834,1
2023-wimbledon-1312,3,3,Denis Shapovalov,Liam Broady,2,1,0.512392795085907,0
2023-wimbledon-1312,3,4,Denis Shapovalov,Liam Broady,2,1,0.5123926818370819,0
2023-wimbledon-1312,3,5,Denis Shapovalov,Liam Broady,1,1,0.5123930076758066,1
2023-wimbledon-1312,3,6,Denis Shapovalov,Liam Broady,2,1,0.5123927295207977,0
2023-wimbledon-1312,3,7,Denis Shapovalov,Liam Broady,2,1,0.5123929778734843,0
2023-wimbledon-1312,3,8,Denis Shapovalov,Liam Broady,1,1,0.5123928248882293,1
2023-wimbledon-1312,3,9,Denis Shapovalov,Liam Broady,1,1,0.5123928189277649,1
2023-wimbledon-1312,3,10,Denis Shapovalov,Liam Broady,1,1,0.5123928189277649,1
2023-wimbledon-1312,3,11,Denis Shapovalov,Liam Broady,1,1,0.5123923271894455,1
2023-wimbledon-1312,3,12,Denis Shapovalov,Liam Broady,1,1,0.5123931268850962,1
2023-wimbledon-1312,4,1,Denis Shapovalov,Liam Broady,2,1,0.5123928338289261,0
2023-wimbledon-1312,4,2,Denis Shapovalov,Liam Broady,1,1,0.5123923182487488,1
2023-wimbledon-1312,4,3,Denis Shapovalov,Liam Broady,2,1,0.5123932162920634,0
2023-wimbledon-1312,4,4,Denis Shapovalov,Liam Broady,1,1,0.5123928666114808,1
2023-wimbledon-1312,4,5,Denis Shapovalov,Liam Broady,2,1,0.5123926877975464,0
2023-wimbledon-1312,4,6,Denis Shapovalov,Liam Broady,1,1,0.5123928904533386,1
2023-wimbledon-1312,4,7,Denis Shapovalov,Liam Broady,2,1,0.5123928288618723,0
2023-wimbledon-1312,4,8,Denis Shapovalov,Liam Broady,1,1,0.5123928189277649,1
2023-wimbledon-1312,4,9,Denis Shapovalov,Liam Broady,2,1,0.5123928189277649,0
2023-wimbledon-1312,4,10,Denis Shapovalov,Liam Broady,1,1,0.5123928189277649,1
2023-wimbledon-1312,4,11,Denis Shapovalov,Liam Broady,1,1,0.5123928189277649,1
2023-wimbledon-1312,4,12,Denis Shapovalov,Liam Broady,1,1,0.5123928189277649,1
2023-wimbledon-1313,1,4,Andrey Rublev,David Goffin,2,2,0.43157896772027016,1
2023-wimbledon-1313,1,5,Andrey Rublev,David Goffin,2,2,0.49642785638570786,1
2023-wimbledon-1313,1,6,Andrey Rublev,David Goffin,1,2,0.4906247407197952,0
2023-wimbledon-1313,1,7,Andrey Rublev,David Goffin,1,2,0.49364655613899233,0
2023-wimbledon-1313,1,8,Andrey Rublev,David Goffin,2,1,0.5005530536174774,0
2023-wimbledon-1313,1,9,Andrey Rublev,David Goffin,1,1,0.507233053445816,1
2023-wimbledon-1313,2,1,Andrey Rublev,David Goffin,2,1,0.5080651938915253,0
2023-wimbledon-1313,2,2,Andrey Rublev,David Goffin,1,1,0.5108360409736633,1
2023-wimbledon-1313,2,3,Andrey Rublev,David Goffin,2,1,0.5110675096511841,0
2023-wimbledon-1313,2,4,Andrey Rublev,David Goffin,1,1,0.5116656933512006,1
2023-wimbledon-1313,2,5,Andrey Rublev,David Goffin,2,1,0.5121227701505026,0
2023-wimbledon-1313,2,6,Andrey Rublev,David Goffin,1,1,0.5123079021771749,1
2023-wimbledon-1313,2,7,Andrey Rublev,David Goffin,2,1,0.512351393699646,0
2023-wimbledon-1313,2,8,Andrey Rublev,David Goffin,1,1,0.5123839616775513,1
2023-wimbledon-1313,2,9,Andrey Rublev,David Goffin,2,1,0.5123887360095978,0
2023-wimbledon-1313,2,10,Andrey Rublev,David Goffin,1,1,0.5123972415924072,1
2023-wimbledon-1313,2,11,Andrey Rublev,David Goffin,2,1,0.5123930722475052,0
2023-wimbledon-1313,2,12,Andrey Rublev,David Goffin,1,1,0.5123924911022186,1
2023-wimbledon-1313,2,13,Andrey Rublev,David Goffin,2,1,0.5123928189277649,0
2023-wimbledon-1313,3,1,Andrey Rublev,David Goffin,2,1,0.5123928189277649,0
2023-wimbledon-1313,3,2,Andrey Rublev,David Goffin,2,1,0.5123928189277649,0
2023-wimbledon-1313,3,3,Andrey Rublev,David Goffin,1,1,0.5123928189277649,1
2023-wimbledon-1313,3,4,Andrey Rublev,David Goffin,2,1,0.5123928189277649,0
2023-wimbledon-1313,3,5,Andrey Rublev,David Goffin,2,1,0.5123928189277649,0
2023-wimbledon-1313,3,6,Andrey Rublev,David Goffin,1,1,0.5123928189277649,1
2023-wimbledon-1313,3,7,Andrey Rublev,David Goffin,1,1,0.5123928189277649,1
2023-wimbledon-1313,3,8,Andrey Rublev,David Goffin,1,1,0.5123928189277649,1
2023-wimbledon-1313,3,9,Andrey Rublev,David Goffin,1,1,0.5123928189277649,1
2023-wimbledon-1313,3,10,Andrey Rublev,David Goffin,2,1,0.5123928189277649,0
2023-wimbledon-1313,3,11,Andrey Rublev,David Goffin,1,1,0.5123928189277649,1
2023-wimbledon-1313,3,12,Andrey Rublev,David Goffin,2,1,0.5123927593231201,0
2023-wimbledon-1313,3,13,Andrey Rublev,David Goffin,1,1,0.5123928984006246,1
2023-wimbledon-1313,4,1,Andrey Rublev,David Goffin,1,1,0.512392807006836,1
2023-wimbledon-1313,4,2,Andrey Rublev,David Goffin,1,1,0.5123928189277649,1
2023-wimbledon-1313,4,3,Andrey Rublev,David Goffin,2,1,0.5123928189277649,0
2023-wimbledon-1313,4,4,Andrey Rublev,David Goffin,1,1,0.5123922924200693,1
2023-wimbledon-1313,4,5,Andrey Rublev,David Goffin,1,1,0.5123934984207154,1
2023-wimbledon-1313,4,6,Andrey Rublev,David Goffin,1,1,0.5123928710818291,1
2023-wimbledon-1313,4,7,Andrey Rublev,David Goffin,2,1,0.5123927791913351,0
2023-wimbledon-1313,4,8,Andrey Rublev,David Goffin,1,1,0.5123922824859619,1
2023-wimbledon-1314,1,4,Alexander Bublik,Maximilian Marterer,1,1,0.5500211417675018,1
2023-wimbledon-1314,1,5,Alexander Bublik,Maximilian Marterer,2,1,0.5161286244789759,0
2023-wimbledon-1314,1,6,Alexander Bublik,Maximilian Marterer,1,2,0.49157630652189255,0
2023-wimbledon-1314,1,7,Alexander Bublik,Maximilian Marterer,2,2,0.4951618214448293,1
2023-wimbledon-1314,1,8,Alexander Bublik,Maximilian Marterer,1,1,0.5046984106302261,1
2023-wimbledon-1314,1,9,Alexander Bublik,Maximilian Marterer,2,1,0.5095394849777222,0
2023-wimbledon-1314,1,10,Alexander Bublik,Maximilian Marterer,1,1,0.5107489943504333,1
2023-wimbledon-1314,2,1,Alexander Bublik,Maximilian Marterer,1,1,0.5113574787974358,1
2023-wimbledon-1314,2,2,Alexander Bublik,Maximilian Marterer,1,1,0.5118682265281678,1
2023-wimbledon-1314,2,3,Alexander Bublik,Maximilian Marterer,2,1,0.5120182633399963,0
2023-wimbledon-1314,2,4,Alexander Bublik,Maximilian Marterer,1,1,0.5122470736503602,1
2023-wimbledon-1314,2,5,Alexander Bublik,Maximilian Marterer,1,1,0.5123295485973358,1
2023-wimbledon-1314,2,6,Alexander Bublik,Maximilian Marterer,1,1,0.5123780250549317,1
2023-wimbledon-1314,2,7,Alexander Bublik,Maximilian Marterer,1,1,0.5123938024044037,1
2023-wimbledon-1314,3,1,Alexander Bublik,Maximilian Marterer,1,1,0.5123950093984604,1
2023-wimbledon-1314,3,2,Alexander Bublik,Maximilian Marterer,2,1,0.5123927816748619,0
2023-wimbledon-1314,3,3,Alexander Bublik,Maximilian Marterer,1,1,0.5123927742242813,1
2023-wimbledon-1314,3,4,Alexander Bublik,Maximilian Marterer,2,1,0.5123928189277649,0
2023-wimbledon-1314,3,5,Alexander Bublik,Maximilian Marterer,1,1,0.5123928189277649,1
2023-wimbledon-1314,3,6,Alexander Bublik,Maximilian Marterer,2,1,0.5123927220702171,0
2023-wimbledon-1314,3,7,Alexander Bublik,Maximilian Marterer,1,1,0.5123902440071106,1
2023-wimbledon-1314,3,8,Alexander Bublik,Maximilian Marterer,2,1,0.5123964548110962,0
2023-wimbledon-1314,3,9,Alexander Bublik,Maximilian Marterer,1,1,0.5123932808637619,1
2023-wimbledon-1314,3,10,Alexander Bublik,Maximilian Marterer,2,1,0.5123927493890127,0
2023-wimbledon-1314,3,11,Alexander Bublik,Maximilian Marterer,1,1,0.5123927891254425,1
2023-wimbledon-1314,3,12,Alexander Bublik,Maximilian Marterer,2,1,0.5123928189277649,0
2023-wimbledon-1314,3,13,Alexander Bublik,Maximilian Marterer,1,1,0.5123928189277649,1
2023-wimbledon-1315,1,5,Lorenzo Musetti,Hubert Hurkacz,2,1,0.5193972090880076,0
2023-wimbledon-1315,1,6,Lorenzo Musetti,Hubert Hurkacz,1,2,0.4859168380498886,0
2023-wimbledon-1315,1,7,Lorenzo Musetti,Hubert Hurkacz,2,2,0.48445266485214233,1
2023-wimbledon-1315,1,8,Lorenzo Musetti,Hubert Hurkacz,1,2,0.4899759218096733,0
2023-wimbledon-1315,1,9,Lorenzo Musetti,Hubert Hurkacz,2,2,0.49517855048179626,1
2023-wimbledon-1315,1,10,Lorenzo Musetti,Hubert Hurkacz,1,1,0.5044692059357961,1
2023-wimbledon-1315,1,11,Lorenzo Musetti,Hubert Hurkacz,2,1,0.5096581975618998,0
2023-wimbledon-1315,1,12,Lorenzo Musetti,Hubert Hurkacz,1,1,0.5113027493158976,1
2023-wimbledon-1315,1,13,Lorenzo Musetti,Hubert Hurkacz,2,1,0.5121645764871077,0
2023-wimbledon-1315,2,1,Lorenzo Musetti,Hubert Hurkacz,1,1,0.5123821273446083,1
2023-wimbledon-1315,2,2,Lorenzo Musetti,Hubert Hurkacz,2,1,0.512390265862147,0
2023-wimbledon-1315,2,3,Lorenzo Musetti,Hubert Hurkacz,2,1,0.512371826171875,0
2023-wimbledon-1315,2,4,Lorenzo Musetti,Hubert Hurkacz,2,1,0.5124223232269287,0
2023-wimbledon-1315,2,5,Lorenzo Musetti,Hubert Hurkacz,1,1,0.5124002993106842,1
2023-wimbledon-1315,2,6,Lorenzo Musetti,Hubert Hurkacz,2,1,0.512390544017156,0
2023-wimbledon-1315,2,7,Lorenzo Musetti,Hubert Hurkacz,1,1,0.5123958736658096,1
2023-wimbledon-1315,2,8,Lorenzo Musetti,Hubert Hurkacz,2,1,0.5123932858308157,0
2023-wimbledon-1315,2,9,Lorenzo Musetti,Hubert Hurkacz,1,1,0.5123924911022186,1
2023-wimbledon-1315,2,10,Lorenzo Musetti,Hubert Hurkacz,2,1,0.5123928189277649,0
2023-wimbledon-1315,3,1,Lorenzo Musetti,Hubert Hurkacz,2,1,0.5123928189277649,0
2023-wimbledon-1315,3,2,Lorenzo Musetti,Hubert Hurkacz,2,1,0.5123928189277649,0
2023-wimbledon-1315,3,3,Lorenzo Musetti,Hubert Hurkacz,1,1,0.5123928189277649,1
2023-wimbledon-1315,3,4,Lorenzo Musetti,Hubert Hurkacz,2,1,0.5123928189277649,0
2023-wimbledon-1315,3,5,Lorenzo Musetti,Hubert Hurkacz,1,1,0.5123928189277649,1
2023-wimbledon-1315,3,6,Lorenzo Musetti,Hubert Hurkacz,2,1,0.5123928189277649,0
2023-wimbledon-1315,3,7,Lorenzo Musetti,Hubert Hurkacz,1,1,0.5123928189277649,1
2023-wimbledon-1315,3,8,Lorenzo Musetti,Hubert Hurkacz,2,1,0.5123914082845052,0
2023-wimbledon-1315,3,9,Lorenzo Musetti,Hubert Hurkacz,1,1,0.5123945236206054,1
2023-wimbledon-1315,3,10,Lorenzo Musetti,Hubert Hurkacz,2,1,0.5123929262161255,0
2023-wimbledon-1316,1,4,Stan Wawrinka,Novak Djokovic,1,2,0.37693824370702106,0
2023-wimbledon-1316,1,5,Stan Wawrinka,Novak Djokovic,2,2,0.48781763911247256,1
2023-wimbledon-1316,1,6,Stan Wawrinka,Novak Djokovic,2,2,0.48386330405871075,1
2023-wimbledon-1316,1,7,Stan Wawrinka,Novak Djokovic,2,2,0.4886886030435562,1
2023-wimbledon-1316,1,8,Stan Wawrinka,Novak Djokovic,1,2,0.49645444254080456,0
2023-wimbledon-1316,1,9,Stan Wawrinka,Novak Djokovic,2,1,0.5054226398468018,0
2023-wimbledon-1316,2,1,Stan Wawrinka,Novak Djokovic,2,1,0.5087847530841827,0
2023-wimbledon-1316,2,2,Stan Wawrinka,Novak Djokovic,2,1,0.5105777680873871,0
2023-wimbledon-1316,2,3,Stan Wawrinka,Novak Djokovic,2,1,0.5118975341320038,0
2023-wimbledon-1316,2,4,Stan Wawrinka,Novak Djokovic,2,1,0.511838960647583,0
2023-wimbledon-1316,2,5,Stan Wawrinka,Novak Djokovic,1,1,0.5122022405266762,1
2023-wimbledon-1316,2,6,Stan Wawrinka,Novak Djokovic,2,1,0.5123145461082459,0
2023-wimbledon-1316,2,7,Stan Wawrinka,Novak Djokovic,2,1,0.5123681724071503,0
2023-wimbledon-1316,3,1,Stan Wawrinka,Novak Djokovic,2,1,0.5123844146728516,0
2023-wimbledon-1316,3,2,Stan Wawrinka,Novak Djokovic,1,1,0.5123928189277649,1
2023-wimbledon-1316,3,3,Stan Wawrinka,Novak Djokovic,2,1,0.512392783164978,0
2023-wimbledon-1316,3,4,Stan Wawrinka,Novak Djokovic,1,1,0.5123928189277649,1
2023-wimbledon-1316,3,5,Stan Wawrinka,Novak Djokovic,2,1,0.5123928089936575,0
2023-wimbledon-1316,3,6,Stan Wawrinka,Novak Djokovic,1,1,0.5123928189277649,1
2023-wimbledon-1316,3,7,Stan Wawrinka,Novak Djokovic,2,1,0.5123928189277649,0
2023-wimbledon-1316,3,8,Stan Wawrinka,Novak Djokovic,1,1,0.512392783164978,1
2023-wimbledon-1316,3,9,Stan Wawrinka,Novak Djokovic,2,1,0.5123928427696228,0
2023-wimbledon-1316,3,10,Stan Wawrinka,Novak Djokovic,1,1,0.5123928189277649,1
2023-wimbledon-1316,3,11,Stan Wawrinka,Novak Djokovic,2,1,0.5123928189277649,0
2023-wimbledon-1316,3,12,Stan Wawrinka,Novak Djokovic,1,1,0.5123928189277649,1
2023-wimbledon-1316,3,13,Stan Wawrinka,Novak Djokovic,2,1,0.5123928189277649,0
2023-wimbledon-1401,1,4,Carlos Alcaraz,Matteo Berrettini,1,2,0.4402223428090413,0
2023-wimbledon-1401,1,5,Carlos Alcaraz,Matteo Berrettini,2,2,0.4951416179537773,1
2023-wimbledon-1401,1,6,Carlos Alcaraz,Matteo Berrettini,1,2,0.49092867225408554,0
2023-wimbledon-1401,1,7,Carlos Alcaraz,Matteo Berrettini,2,2,0.49355142563581467,1
2023-wimbledon-1401,1,8,Carlos Alcaraz,Matteo Berrettini,2,1,0.504321406284968,0
2023-wimbledon-1401,1,9,Carlos Alcaraz,Matteo Berrettini,2,1,0.5090031623840332,0
2023-wimbledon-1401,2,1,Carlos Alcaraz,Matteo Berrettini,1,1,0.5115295797586441,1
2023-wimbledon-1401,2,2,Carlos Alcaraz,Matteo Berrettini,2,1,0.5121085271239281,0
2023-wimbledon-1401,2,3,Carlos Alcaraz,Matteo Berrettini,1,1,0.5122211217880249,1
2023-wimbledon-1401,2,4,Carlos Alcaraz,Matteo Berrettini,1,1,0.5123309195041656,1
2023-wimbledon-1401,2,5,Carlos Alcaraz,Matteo Berrettini,1,1,0.5123680830001831,1
2023-wimbledon-1401,2,6,Carlos Alcaraz,Matteo Berrettini,2,1,0.5123315751552582,0
2023-wimbledon-1401,2,7,Carlos Alcaraz,Matteo Berrettini,1,1,0.5123396962881088,1
2023-wimbledon-1401,2,8,Carlos Alcaraz,Matteo Berrettini,2,1,0.5123700022697448,0
2023-wimbledon-1401,2,9,Carlos Alcaraz,Matteo Berrettini,1,1,0.5123835206031799,1
2023-wimbledon-1401,3,1,Carlos Alcaraz,Matteo Berrettini,2,1,0.5123935580253601,0
2023-wimbledon-1401,3,2,Carlos Alcaraz,Matteo Berrettini,1,1,0.5123908638954162,1
2023-wimbledon-1401,3,3,Carlos Alcaraz,Matteo Berrettini,1,1,0.5123937044824872,1
2023-wimbledon-1401,3,4,Carlos Alcaraz,Matteo Berrettini,1,1,0.5123927816748619,1
2023-wimbledon-1401,3,5,Carlos Alcaraz,Matteo Berrettini,2,1,0.5123928189277649,0
2023-wimbledon-1401,3,6,Carlos Alcaraz,Matteo Berrettini,1,1,0.5123928189277649,1
2023-wimbledon-1401,3,7,Carlos Alcaraz,Matteo Berrettini,2,1,0.5123928189277649,0
2023-wimbledon-1401,3,8,Carlos Alcaraz,Matteo Berrettini,1,1,0.5123928189277649,1
2023-wimbledon-1401,3,9,Carlos Alcaraz,Matteo Berrettini,1,1,0.5123928189277649,1
2023-wimbledon-1401,4,1,Carlos Alcaraz,Matteo Berrettini,1,1,0.5123924016952515,1
2023-wimbledon-1401,4,2,Carlos Alcaraz,Matteo Berrettini,2,1,0.5123934348424276,0
2023-wimbledon-1401,4,3,Carlos Alcaraz,Matteo Berrettini,1,1,0.5123925507068634,1
2023-wimbledon-1401,4,4,Carlos Alcaraz,Matteo Berrettini,2,1,0.5123932659626007,0
2023-wimbledon-1401,4,5,Carlos Alcaraz,Matteo Berrettini,1,1,0.5123929232358932,1
2023-wimbledon-1401,4,6,Carlos Alcaraz,Matteo Berrettini,2,1,0.512392807006836,0
2023-wimbledon-1401,4,7,Carlos Alcaraz,Matteo Berrettini,1,1,0.5123927742242813,1
2023-wimbledon-1401,4,8,Carlos Alcaraz,Matteo Berrettini,1,1,0.5123928189277649,1
2023-wimbledon-1401,4,9,Carlos Alcaraz,Matteo Berrettini,1,1,0.5123927772045136,1
2023-wimbledon-1402,1,4,Grigor Dimitrov,Holger Rune,2,2,0.3273962140083313,1
2023-wimbledon-1402,1,5,Grigor Dimitrov,Holger Rune,1,2,0.48793544868628186,0
2023-wimbledon-1402,1,6,Grigor Dimitrov,Holger Rune,2,2,0.48962268233299255,1
2023-wimbledon-1402,1,7,Grigor Dimitrov,Holger Rune,1,1,0.5025024086236953,1
2023-wimbledon-1402,1,8,Grigor Dimitrov,Holger Rune,1,1,0.5089477896690369,1
2023-wimbledon-1402,1,9,Grigor Dimitrov,Holger Rune,1,1,0.5113797585169474,1
2023-wimbledon-1402,2,1,Grigor Dimitrov,Holger Rune,2,1,0.5121732950210571,0
2023-wimbledon-1402,2,2,Grigor Dimitrov,Holger Rune,1,1,0.512299120426178,1
2023-wimbledon-1402,2,3,Grigor Dimitrov,Holger Rune,1,1,0.5123803839087486,1
2023-wimbledon-1402,2,4,Grigor Dimitrov,Holger Rune,1,1,0.5123858690261841,1
2023-wimbledon-1402,2,5,Grigor Dimitrov,Holger Rune,2,1,0.5124070644378662,0
2023-wimbledon-1402,2,6,Grigor Dimitrov,Holger Rune,1,1,0.5123953223228455,1
2023-wimbledon-1402,2,7,Grigor Dimitrov,Holger Rune,2,1,0.5123926252126694,0
2023-wimbledon-1402,2,8,Grigor Dimitrov,Holger Rune,2,1,0.5123924215634664,0
2023-wimbledon-1402,2,9,Grigor Dimitrov,Holger Rune,2,1,0.5123928189277649,0
2023-wimbledon-1402,2,10,Grigor Dimitrov,Holger Rune,1,1,0.5123928189277649,1
2023-wimbledon-1402,2,11,Grigor Dimitrov,Holger Rune,2,1,0.5123914281527201,0
2023-wimbledon-1402,2,12,Grigor Dimitrov,Holger Rune,1,1,0.5123944878578186,1
2023-wimbledon-1402,2,13,Grigor Dimitrov,Holger Rune,2,1,0.512392840215138,0
2023-wimbledon-1402,3,1,Grigor Dimitrov,Holger Rune,1,1,0.5123928189277649,1
2023-wimbledon-1402,3,2,Grigor Dimitrov,Holger Rune,2,1,0.5123928189277649,0
2023-wimbledon-1402,3,3,Grigor Dimitrov,Holger Rune,1,1,0.5123928189277649,1
2023-wimbledon-1402,3,4,Grigor Dimitrov,Holger Rune,2,1,0.5123922601342201,0
2023-wimbledon-1402,3,5,Grigor Dimitrov,Holger Rune,1,1,0.5123938471078873,1
2023-wimbledon-1402,3,6,Grigor Dimitrov,Holger Rune,2,1,0.5123930424451828,0
2023-wimbledon-1402,3,7,Grigor Dimitrov,Holger Rune,1,1,0.5123928487300873,1
2023-wimbledon-1402,3,8,Grigor Dimitrov,Holger Rune,2,1,0.5123927791913351,0
2023-wimbledon-1402,3,9,Grigor Dimitrov,Holger Rune,1,1,0.5123928189277649,1
2023-wimbledon-1402,3,10,Grigor Dimitrov,Holger Rune,2,1,0.5123928189277649,0
2023-wimbledon-1402,3,11,Grigor Dimitrov,Holger Rune,1,1,0.5123924911022186,1
2023-wimbledon-1402,3,12,Grigor Dimitrov,Holger Rune,2,1,0.5123932063579559,0
2023-wimbledon-1402,3,13,Grigor Dimitrov,Holger Rune,2,1,0.5123928676952015,0
2023-wimbledon-1402,4,1,Grigor Dimitrov,Holger Rune,2,1,0.5123925308386484,0
2023-wimbledon-1402,4,2,Grigor Dimitrov,Holger Rune,1,1,0.5123931288719177,1
2023-wimbledon-1402,4,3,Grigor Dimitrov,Holger Rune,2,1,0.5123928636312485,0
2023-wimbledon-1402,4,4,Grigor Dimitrov,Holger Rune,1,1,0.5123928189277649,1
2023-wimbledon-1402,4,5,Grigor Dimitrov,Holger Rune,2,1,0.5123928189277649,0
2023-wimbledon-1402,4,6,Grigor Dimitrov,Holger Rune,2,1,0.5123927295207977,0
2023-wimbledon-1402,4,7,Grigor Dimitrov,Holger Rune,2,1,0.5123928785324097,0
2023-wimbledon-1402,4,8,Grigor Dimitrov,Holger Rune,1,1,0.5123928338289261,1
2023-wimbledon-1402,4,9,Grigor Dimitrov,Holger Rune,2,1,0.5123928189277649,0
2023-wimbledon-1403,1,4,Daniil Medvedev,Jiri Lehecka,1,2,0.4571021497249603,0
2023-wimbledon-1403,1,5,Daniil Medvedev,Jiri Lehecka,2,2,0.4935082321365674,1
2023-wimbledon-1403,1,6,Daniil Medvedev,Jiri Lehecka,1,2,0.49045696357886,0
2023-wimbledon-1403,1,7,Daniil Medvedev,Jiri Lehecka,2,2,0.4984045088291168,1
2023-wimbledon-1403,1,8,Daniil Medvedev,Jiri Lehecka,1,1,0.5041282176971436,1
2023-wimbledon-1403,1,9,Daniil Medvedev,Jiri Lehecka,2,1,0.5086470171809196,0
2023-wimbledon-1403,1,10,Daniil Medvedev,Jiri Lehecka,1,1,0.5104854851961136,1
2023-wimbledon-1403,2,1,Daniil Medvedev,Jiri Lehecka,2,1,0.5117152581612269,0
2023-wimbledon-1403,2,2,Daniil Medvedev,Jiri Lehecka,1,1,0.5122316360473633,1
2023-wimbledon-1403,2,3,Daniil Medvedev,Jiri Lehecka,1,1,0.5123321712017059,1
2023-wimbledon-1403,2,4,Daniil Medvedev,Jiri Lehecka,1,1,0.5123708844184875,1
2023-wimbledon-1403,2,5,Daniil Medvedev,Jiri Lehecka,2,1,0.5123861815248217,0
2023-wimbledon-1403,2,6,Daniil Medvedev,Jiri Lehecka,1,1,0.5123921632766724,1
2023-wimbledon-1403,2,7,Daniil Medvedev,Jiri Lehecka,1,1,0.5123927444219589,1
2023-wimbledon-1403,2,8,Daniil Medvedev,Jiri Lehecka,1,1,0.5123927791913351,1
2023-wimbledon-1404,1,5,Christopher Eubanks,Stefanos Tsitsipas,1,1,0.5457579344511032,1
2023-wimbledon-1404,1,6,Christopher Eubanks,Stefanos Tsitsipas,2,2,0.49851586918036145,1
2023-wimbledon-1404,1,7,Christopher Eubanks,Stefanos Tsitsipas,1,2,0.491486519575119,0
2023-wimbledon-1404,1,8,Christopher Eubanks,Stefanos Tsitsipas,2,2,0.4932306885719299,1
2023-wimbledon-1404,1,9,Christopher Eubanks,Stefanos Tsitsipas,2,2,0.49794340630372363,1
2023-wimbledon-1404,2,1,Christopher Eubanks,Stefanos Tsitsipas,2,1,0.5031261801719665,0
2023-wimbledon-1404,2,2,Christopher Eubanks,Stefanos Tsitsipas,1,1,0.5072471857070923,1
2023-wimbledon-1404,2,3,Christopher Eubanks,Stefanos Tsitsipas,2,1,0.5097550004720688,0
2023-wimbledon-1404,2,4,Christopher Eubanks,Stefanos Tsitsipas,1,1,0.5113198384642601,1
2023-wimbledon-1404,2,5,Christopher Eubanks,Stefanos Tsitsipas,2,1,0.5118311643600464,0
2023-wimbledon-1404,2,6,Christopher Eubanks,Stefanos Tsitsipas,1,1,0.5120826721191406,1
2023-wimbledon-1404,2,7,Christopher Eubanks,Stefanos Tsitsipas,2,1,0.5122442096471786,0
2023-wimbledon-1404,2,8,Christopher Eubanks,Stefanos Tsitsipas,1,1,0.5123439133167267,1
2023-wimbledon-1404,2,9,Christopher Eubanks,Stefanos Tsitsipas,2,1,0.5123825073242188,0
2023-wimbledon-1404,2,10,Christopher Eubanks,Stefanos Tsitsipas,1,1,0.5123932957649231,1
2023-wimbledon-1404,2,11,Christopher Eubanks,Stefanos Tsitsipas,2,1,0.5123926103115082,0
2023-wimbledon-1404,2,12,Christopher Eubanks,Stefanos Tsitsipas,1,1,0.5123926897843679,1
2023-wimbledon-1404,2,13,Christopher Eubanks,Stefanos Tsitsipas,1,1,0.5123923746022311,1
2023-wimbledon-1404,3,1,Christopher Eubanks,Stefanos Tsitsipas,1,1,0.5123937328656515,1
2023-wimbledon-1404,3,2,Christopher Eubanks,Stefanos Tsitsipas,2,1,0.5123929083347321,0
2023-wimbledon-1404,3,3,Christopher Eubanks,Stefanos Tsitsipas,1,1,0.512392783164978,1
2023-wimbledon-1404,3,4,Christopher Eubanks,Stefanos Tsitsipas,2,1,0.5123927891254425,0
2023-wimbledon-1404,3,5,Christopher Eubanks,Stefanos Tsitsipas,2,1,0.5123928189277649,0
2023-wimbledon-1404,3,6,Christopher Eubanks,Stefanos Tsitsipas,2,1,0.5123927116394043,0
2023-wimbledon-1404,3,7,Christopher Eubanks,Stefanos Tsitsipas,1,1,0.512392982840538,1
2023-wimbledon-1404,3,8,Christopher Eubanks,Stefanos Tsitsipas,2,1,0.5123928338289261,0
2023-wimbledon-1404,3,9,Christopher Eubanks,Stefanos Tsitsipas,2,1,0.512392807006836,0
2023-wimbledon-1404,4,1,Christopher Eubanks,Stefanos Tsitsipas,2,1,0.5123928040266037,0
2023-wimbledon-1404,4,2,Christopher Eubanks,Stefanos Tsitsipas,1,1,0.5123928189277649,1
2023-wimbledon-1404,4,3,Christopher Eubanks,Stefanos Tsitsipas,2,1,0.5123928189277649,0
2023-wimbledon-1404,4,4,Christopher Eubanks,Stefanos Tsitsipas,1,1,0.5123928189277649,1
2023-wimbledon-1404,4,5,Christopher Eubanks,Stefanos Tsitsipas,2,1,0.5123928189277649,0
2023-wimbledon-1404,4,6,Christopher Eubanks,Stefanos Tsitsipas,1,1,0.5123928189277649,1
2023-wimbledon-1404,4,7,Christopher Eubanks,Stefanos Tsitsipas,2,1,0.5123928189277649,0
2023-wimbledon-1404,4,8,Christopher Eubanks,Stefanos Tsitsipas,1,1,0.5123922973871231,1
2023-wimbledon-1404,4,9,Christopher Eubanks,Stefanos Tsitsipas,1,1,0.5123931467533112,1
2023-wimbledon-1404,4,10,Christopher Eubanks,Stefanos Tsitsipas,1,1,0.5123928308486938,1
2023-wimbledon-1404,5,1,Christopher Eubanks,Stefanos Tsitsipas,1,1,0.5123928387959799,1
2023-wimbledon-1404,5,2,Christopher Eubanks,Stefanos Tsitsipas,1,1,0.5123928189277649,1
2023-wimbledon-1404,5,3,Christopher Eubanks,Stefanos Tsitsipas,2,1,0.5123928189277649,0
2023-wimbledon-1404,5,4,Christopher Eubanks,Stefanos Tsitsipas,1,1,0.5123928189277649,1
2023-wimbledon-1404,5,5,Christopher Eubanks,Stefanos Tsitsipas,2,1,0.5123928189277649,0
2023-wimbledon-1404,5,6,Christopher Eubanks,Stefanos Tsitsipas,2,1,0.5123928189277649,0
2023-wimbledon-1404,5,7,Christopher Eubanks,Stefanos Tsitsipas,1,1,0.5123928189277649,1
2023-wimbledon-1404,5,8,Christopher Eubanks,Stefanos Tsitsipas,1,1,0.5123928189277649,1
2023-wimbledon-1404,5,9,Christopher Eubanks,Stefanos Tsitsipas,2,1,0.5123928189277649,0
2023-wimbledon-1404,5,10,Christopher Eubanks,Stefanos Tsitsipas,1,1,0.5123928189277649,1
2023-wimbledon-1405,1,3,Jannik Sinner,Daniel Elahi Galan,2,2,0.1721670925617218,1
2023-wimbledon-1405,1,4,Jannik Sinner,Daniel Elahi Galan,1,2,0.4992128387093544,0
2023-wimbledon-1405,1,5,Jannik Sinner,Daniel Elahi Galan,2,2,0.4846196472644806,1
2023-wimbledon-1405,1,6,Jannik Sinner,Daniel Elahi Galan,1,2,0.4914241313934326,0
2023-wimbledon-1405,1,7,Jannik Sinner,Daniel Elahi Galan,2,2,0.49844578504562376,1
2023-wimbledon-1405,1,8,Jannik Sinner,Daniel Elahi Galan,1,1,0.5048805177211761,1
2023-wimbledon-1405,1,9,Jannik Sinner,Daniel Elahi Galan,2,1,0.506905198097229,0
2023-wimbledon-1405,1,10,Jannik Sinner,Daniel Elahi Galan,1,1,0.5079628527164459,1
2023-wimbledon-1405,1,11,Jannik Sinner,Daniel Elahi Galan,2,1,0.5108663588762283,0
2023-wimbledon-1405,1,12,Jannik Sinner,Daniel Elahi Galan,1,1,0.5119974136352539,1
2023-wimbledon-1405,1,13,Jannik Sinner,Daniel Elahi Galan,1,1,0.5122480229897932,1
2023-wimbledon-1405,2,1,Jannik Sinner,Daniel Elahi Galan,2,1,0.5123570164044698,0
2023-wimbledon-1405,2,2,Jannik Sinner,Daniel Elahi Galan,2,1,0.5123883754014968,0
2023-wimbledon-1405,2,3,Jannik Sinner,Daniel Elahi Galan,1,1,0.5123928189277649,1
2023-wimbledon-1405,2,4,Jannik Sinner,Daniel Elahi Galan,2,1,0.5123927891254425,0
2023-wimbledon-1405,2,5,Jannik Sinner,Daniel Elahi Galan,1,1,0.5123930454254151,1
2023-wimbledon-1405,2,6,Jannik Sinner,Daniel Elahi Galan,2,1,0.5123928288618723,0
2023-wimbledon-1405,2,7,Jannik Sinner,Daniel Elahi Galan,1,1,0.5123928189277649,1
2023-wimbledon-1405,2,8,Jannik Sinner,Daniel Elahi Galan,1,1,0.5123928189277649,1
2023-wimbledon-1405,2,9,Jannik Sinner,Daniel Elahi Galan,1,1,0.5123928189277649,1
2023-wimbledon-1405,2,10,Jannik Sinner,Daniel Elahi Galan,1,1,0.5123928189277649,1
2023-wimbledon-1405,3,1,Jannik Sinner,Daniel Elahi Galan,1,1,0.5123928189277649,1
2023-wimbledon-1405,3,2,Jannik Sinner,Daniel Elahi Galan,1,1,0.5123928189277649,1
2023-wimbledon-1405,3,3,Jannik Sinner,Daniel Elahi Galan,1,1,0.5123928189277649,1
2023-wimbledon-1405,3,4,Jannik Sinner,Daniel Elahi Galan,2,1,0.5123928189277649,0
2023-wimbledon-1405,3,5,Jannik Sinner,Daniel Elahi Galan,1,1,0.5123928189277649,1
2023-wimbledon-1405,3,6,Jannik Sinner,Daniel Elahi Galan,2,1,0.5123928189277649,0
2023-wimbledon-1405,3,7,Jannik Sinner,Daniel Elahi Galan,1,1,0.5123928189277649,1
2023-wimbledon-1405,3,8,Jannik Sinner,Daniel Elahi Galan,2,1,0.5123928189277649,0
2023-wimbledon-1405,3,9,Jannik Sinner,Daniel Elahi Galan,1,1,0.5123928189277649,1
2023-wimbledon-1406,1,4,Roman Safiullin,Denis Shapovalov,1,1,0.5243589878082275,1
2023-wimbledon-1406,1,5,Roman Safiullin,Denis Shapovalov,2,1,0.5033490757147471,0
2023-wimbledon-1406,1,6,Roman Safiullin,Denis Shapovalov,2,2,0.48887190222740173,1
2023-wimbledon-1406,1,7,Roman Safiullin,Denis Shapovalov,2,2,0.49139677733182907,1
2023-wimbledon-1406,1,8,Roman Safiullin,Denis Shapovalov,1,2,0.49682968854904175,0
2023-wimbledon-1406,1,9,Roman Safiullin,Denis Shapovalov,2,1,0.5020849406719208,0
2023-wimbledon-1406,2,1,Roman Safiullin,Denis Shapovalov,1,1,0.5066431959470113,1
2023-wimbledon-1406,2,2,Roman Safiullin,Denis Shapovalov,2,1,0.5082419812679291,0
2023-wimbledon-1406,2,3,Roman Safiullin,Denis Shapovalov,1,1,0.5097740888595581,1
2023-wimbledon-1406,2,4,Roman Safiullin,Denis Shapovalov,2,1,0.5115164399147034,0
2023-wimbledon-1406,2,5,Roman Safiullin,Denis Shapovalov,1,1,0.5110132992267609,1
2023-wimbledon-1406,2,6,Roman Safiullin,Denis Shapovalov,1,1,0.5118637800216674,1
2023-wimbledon-1406,2,7,Roman Safiullin,Denis Shapovalov,1,1,0.512194812297821,1
2023-wimbledon-1406,2,8,Roman Safiullin,Denis Shapovalov,2,1,0.5123210787773133,0
2023-wimbledon-1406,2,9,Roman Safiullin,Denis Shapovalov,1,1,0.5123877115547657,1
2023-wimbledon-1406,3,1,Roman Safiullin,Denis Shapovalov,1,1,0.5123874425888062,1
2023-wimbledon-1406,3,2,Roman Safiullin,Denis Shapovalov,1,1,0.5123990923166275,1
2023-wimbledon-1406,3,3,Roman Safiullin,Denis Shapovalov,2,1,0.5123910705248514,0
2023-wimbledon-1406,3,4,Roman Safiullin,Denis Shapovalov,1,1,0.5123972147703171,1
2023-wimbledon-1406,3,5,Roman Safiullin,Denis Shapovalov,1,1,0.5123927295207977,1
2023-wimbledon-1406,3,6,Roman Safiullin,Denis Shapovalov,1,1,0.512393057346344,1
2023-wimbledon-1406,3,7,Roman Safiullin,Denis Shapovalov,1,1,0.5123932480812072,1
2023-wimbledon-1406,4,1,Roman Safiullin,Denis Shapovalov,1,1,0.5123926281929017,1
2023-wimbledon-1406,4,2,Roman Safiullin,Denis Shapovalov,2,1,0.5123931914567947,0
2023-wimbledon-1406,4,3,Roman Safiullin,Denis Shapovalov,1,1,0.5123928934335709,1
2023-wimbledon-1406,4,4,Roman Safiullin,Denis Shapovalov,2,1,0.5123920838038126,0
2023-wimbledon-1406,4,5,Roman Safiullin,Denis Shapovalov,1,1,0.5123932361602783,1
2023-wimbledon-1406,4,6,Roman Safiullin,Denis Shapovalov,1,1,0.5123933851718903,1
2023-wimbledon-1406,4,7,Roman Safiullin,Denis Shapovalov,1,1,0.512392807006836,1
2023-wimbledon-1406,4,8,Roman Safiullin,Denis Shapovalov,2,1,0.5123927474021912,0
2023-wimbledon-1406,4,9,Roman Safiullin,Denis Shapovalov,1,1,0.5123928189277649,1
2023-wimbledon-1407,1,4,Andrey Rublev,Alexander Bublik,2,2,0.24963478495677313,1
2023-wimbledon-1407,1,5,Andrey Rublev,Alexander Bublik,1,2,0.4976561665534973,0
2023-wimbledon-1407,1,6,Andrey Rublev,Alexander Bublik,2,2,0.4900924265384674,1
2023-wimbledon-1407,1,7,Andrey Rublev,Alexander Bublik,1,2,0.49211697777112323,0
2023-wimbledon-1407,1,8,Andrey Rublev,Alexander Bublik,2,1,0.5014472206433614,0
2023-wimbledon-1407,1,9,Andrey Rublev,Alexander Bublik,1,1,0.5065961678822836,1
2023-wimbledon-1407,1,10,Andrey Rublev,Alexander Bublik,2,1,0.507866644859314,0
2023-wimbledon-1407,1,11,Andrey Rublev,Alexander Bublik,1,1,0.5105442404747009,1
2023-wimbledon-1407,1,12,Andrey Rublev,Alexander Bublik,1,1,0.5113919675350189,1
2023-wimbledon-1407,2,1,Andrey Rublev,Alexander Bublik,1,1,0.5118256092071534,1
2023-wimbledon-1407,2,2,Andrey Rublev,Alexander Bublik,2,1,0.5121416002511978,0
2023-wimbledon-1407,2,3,Andrey Rublev,Alexander Bublik,1,1,0.5123363882303238,1
2023-wimbledon-1407,2,4,Andrey Rublev,Alexander Bublik,2,1,0.5123380571603775,0
2023-wimbledon-1407,2,5,Andrey Rublev,Alexander Bublik,1,1,0.5123914480209351,1
2023-wimbledon-1407,2,6,Andrey Rublev,Alexander Bublik,1,1,0.5123782555262247,1
2023-wimbledon-1407,2,7,Andrey Rublev,Alexander Bublik,1,1,0.5124054551124573,1
2023-wimbledon-1407,2,8,Andrey Rublev,Alexander Bublik,2,1,0.5123972296714783,0
2023-wimbledon-1407,2,9,Andrey Rublev,Alexander Bublik,1,1,0.5123907625675201,1
2023-wimbledon-1407,3,1,Andrey Rublev,Alexander Bublik,2,1,0.5123958349227905,0
2023-wimbledon-1407,3,2,Andrey Rublev,Alexander Bublik,1,1,0.5123926922678947,1
2023-wimbledon-1407,3,3,Andrey Rublev,Alexander Bublik,2,1,0.512392669916153,0
2023-wimbledon-1407,3,4,Andrey Rublev,Alexander Bublik,1,1,0.5123928189277649,1
2023-wimbledon-1407,3,5,Andrey Rublev,Alexander Bublik,2,1,0.5123928189277649,0
2023-wimbledon-1407,3,6,Andrey Rublev,Alexander Bublik,1,1,0.5123928189277649,1
2023-wimbledon-1407,3,7,Andrey Rublev,Alexander Bublik,2,1,0.5123928189277649,0
2023-wimbledon-1407,3,8,Andrey Rublev,Alexander Bublik,1,1,0.5123928189277649,1
2023-wimbledon-1407,3,9,Andrey Rublev,Alexander Bublik,2,1,0.5123923122882843,0
2023-wimbledon-1407,3,10,Andrey Rublev,Alexander Bublik,1,1,0.5123943090438843,1
2023-wimbledon-1407,3,11,Andrey Rublev,Alexander Bublik,2,1,0.5123929500579834,0
2023-wimbledon-1407,3,12,Andrey Rublev,Alexander Bublik,1,1,0.5123926401138306,1
2023-wimbledon-1407,3,13,Andrey Rublev,Alexander Bublik,2,1,0.5123928189277649,0
2023-wimbledon-1407,4,1,Andrey Rublev,Alexander Bublik,1,1,0.5123928189277649,1
2023-wimbledon-1407,4,2,Andrey Rublev,Alexander Bublik,2,1,0.5123928189277649,0
2023-wimbledon-1407,4,3,Andrey Rublev,Alexander Bublik,1,1,0.5123928189277649,1
2023-wimbledon-1407,4,4,Andrey Rublev,Alexander Bublik,2,1,0.5123928189277649,0
2023-wimbledon-1407,4,5,Andrey Rublev,Alexander Bublik,1,1,0.5123928189277649,1
2023-wimbledon-1407,4,6,Andrey Rublev,Alexander Bublik,2,1,0.5123928189277649,0
2023-wimbledon-1407,4,7,Andrey Rublev,Alexander Bublik,1,1,0.5123928189277649,1
2023-wimbledon-1407,4,8,Andrey Rublev,Alexander Bublik,2,1,0.5123928189277649,0
2023-wimbledon-1407,4,9,Andrey Rublev,Alexander Bublik,1,1,0.5123928189277649,1
2023-wimbledon-1407,4,10,Andrey Rublev,Alexander Bublik,2,1,0.5123928189277649,0
2023-wimbledon-1407,4,11,Andrey Rublev,Alexander Bublik,1,1,0.5123928189277649,1
2023-wimbledon-1407,4,12,Andrey Rublev,Alexander Bublik,2,1,0.5123928189277649,0
2023-wimbledon-1407,4,13,Andrey Rublev,Alexander Bublik,2,1,0.5123927990595499,0
2023-wimbledon-1407,5,1,Andrey Rublev,Alexander Bublik,2,1,0.5123928884665171,0
2023-wimbledon-1407,5,2,Andrey Rublev,Alexander Bublik,1,1,0.5123924116293589,1
2023-wimbledon-1407,5,3,Andrey Rublev,Alexander Bublik,2,1,0.5123928785324097,0
2023-wimbledon-1407,5,4,Andrey Rublev,Alexander Bublik,1,1,0.5123934000730515,1
2023-wimbledon-1407,5,5,Andrey Rublev,Alexander Bublik,2,1,0.5123923897743226,0
2023-wimbledon-1407,5,6,Andrey Rublev,Alexander Bublik,1,1,0.512393319606781,1
2023-wimbledon-1407,5,7,Andrey Rublev,Alexander Bublik,1,1,0.5123925705750784,1
2023-wimbledon-1407,5,8,Andrey Rublev,Alexander Bublik,1,1,0.5123931407928467,1
2023-wimbledon-1407,5,9,Andrey Rublev,Alexander Bublik,2,1,0.5123928785324097,0
2023-wimbledon-1407,5,10,Andrey Rublev,Alexander Bublik,1,1,0.5123928189277649,1
2023-wimbledon-1408,1,5,Hubert Hurkacz,Novak Djokovic,1,2,0.2706160806119442,0
2023-wimbledon-1408,1,6,Hubert Hurkacz,Novak Djokovic,2,2,0.4800533950328827,1
2023-wimbledon-1408,1,7,Hubert Hurkacz,Novak Djokovic,1,2,0.4835119992494583,0
2023-wimbledon-1408,1,8,Hubert Hurkacz,Novak Djokovic,2,2,0.4865122377872467,1
2023-wimbledon-1408,1,9,Hubert Hurkacz,Novak Djokovic,1,2,0.4879494309425354,0
2023-wimbledon-1408,1,10,Hubert Hurkacz,Novak Djokovic,2,2,0.4990490861237049,1
2023-wimbledon-1408,1,11,Hubert Hurkacz,Novak Djokovic,1,1,0.5044339448213577,1
2023-wimbledon-1408,1,12,Hubert Hurkacz,Novak Djokovic,2,1,0.5060534775257111,0
2023-wimbledon-1408,1,13,Hubert Hurkacz,Novak Djokovic,2,1,0.5104775173323495,0
2023-wimbledon-1408,2,1,Hubert Hurkacz,Novak Djokovic,2,1,0.5118746995925904,0
2023-wimbledon-1408,2,2,Hubert Hurkacz,Novak Djokovic,1,1,0.5121238529682159,1
2023-wimbledon-1408,2,3,Hubert Hurkacz,Novak Djokovic,2,1,0.5122236609458923,0
2023-wimbledon-1408,2,4,Hubert Hurkacz,Novak Djokovic,1,1,0.5123152285814285,1
2023-wimbledon-1408,2,5,Hubert Hurkacz,Novak Djokovic,2,1,0.5123734951019288,0
2023-wimbledon-1408,2,6,Hubert Hurkacz,Novak Djokovic,1,1,0.5123877922693888,1
2023-wimbledon-1408,2,7,Hubert Hurkacz,Novak Djokovic,2,1,0.5123926281929017,0
2023-wimbledon-1408,2,8,Hubert Hurkacz,Novak Djokovic,1,1,0.5123930513858795,1
2023-wimbledon-1408,2,9,Hubert Hurkacz,Novak Djokovic,2,1,0.5123927742242813,0
2023-wimbledon-1408,2,10,Hubert Hurkacz,Novak Djokovic,1,1,0.5123928189277649,1
2023-wimbledon-1408,2,11,Hubert Hurkacz,Novak Djokovic,2,1,0.5123928189277649,0
2023-wimbledon-1408,2,12,Hubert Hurkacz,Novak Djokovic,1,1,0.5123926848173141,1
2023-wimbledon-1408,2,13,Hubert Hurkacz,Novak Djokovic,2,1,0.5123922995158604,0
2023-wimbledon-1408,3,1,Hubert Hurkacz,Novak Djokovic,1,1,0.5123917162418365,1
2023-wimbledon-1408,3,2,Hubert Hurkacz,Novak Djokovic,2,1,0.5123924712340037,0
2023-wimbledon-1408,3,3,Hubert Hurkacz,Novak Djokovic,1,1,0.5123927195866903,1
2023-wimbledon-1408,3,4,Hubert Hurkacz,Novak Djokovic,2,1,0.5123928089936575,0
2023-wimbledon-1408,3,5,Hubert Hurkacz,Novak Djokovic,1,1,0.5123928189277649,1
2023-wimbledon-1408,3,6,Hubert Hurkacz,Novak Djokovic,2,1,0.5123928189277649,0
2023-wimbledon-1408,3,7,Hubert Hurkacz,Novak Djokovic,1,1,0.5123928189277649,1
2023-wimbledon-1408,3,8,Hubert Hurkacz,Novak Djokovic,2,1,0.5123928189277649,0
2023-wimbledon-1408,3,9,Hubert Hurkacz,Novak Djokovic,1,1,0.5123928189277649,1
2023-wimbledon-1408,3,10,Hubert Hurkacz,Novak Djokovic,2,1,0.5123928189277649,0
2023-wimbledon-1408,3,11,Hubert Hurkacz,Novak Djokovic,1,1,0.5123928189277649,1
2023-wimbledon-1408,3,12,Hubert Hurkacz,Novak Djokovic,1,1,0.5123928189277649,1
2023-wimbledon-1408,4,1,Hubert Hurkacz,Novak Djokovic,1,1,0.5123928189277649,1
2023-wimbledon-1408,4,2,Hubert Hurkacz,Novak Djokovic,2,1,0.5123928189277649,0
2023-wimbledon-1408,4,3,Hubert Hurkacz,Novak Djokovic,1,1,0.5123927295207977,1
2023-wimbledon-1408,4,4,Hubert Hurkacz,Novak Djokovic,2,1,0.5123929232358932,0
2023-wimbledon-1408,4,5,Hubert Hurkacz,Novak Djokovic,1,1,0.5123928288618723,1
2023-wimbledon-1408,4,6,Hubert Hurkacz,Novak Djokovic,2,1,0.5123928189277649,0
2023-wimbledon-1408,4,7,Hubert Hurkacz,Novak Djokovic,2,1,0.5123928189277649,0
2023-wimbledon-1408,4,8,Hubert Hurkacz,Novak Djokovic,2,1,0.5123928189277649,0
2023-wimbledon-1408,4,9,Hubert Hurkacz,Novak Djokovic,1,1,0.5123928189277649,1
2023-wimbledon-1408,4,10,Hubert Hurkacz,Novak Djokovic,2,1,0.5123928189277649,0
2023-wimbledon-1501,1,4,Carlos Alcaraz,Holger Rune,2,2,0.44560580274888445,1
2023-wimbledon-1501,1,5,Carlos Alcaraz,Holger Rune,1,2,0.4920635124047597,0
2023-wimbledon-1501,1,6,Carlos Alcaraz,Holger Rune,2,2,0.4921322911977768,1
2023-wimbledon-1501,1,7,Carlos Alcaraz,Holger Rune,1,1,0.5033347070217132,1
2023-wimbledon-1501,1,8,Carlos Alcaraz,Holger Rune,2,1,0.5077130595842997,0
2023-wimbledon-1501,1,9,Carlos Alcaraz,Holger Rune,1,1,0.5105915367603302,1
2023-wimbledon-1501,1,10,Carlos Alcaraz,Holger Rune,2,1,0.5116521939635277,0
2023-wimbledon-1501,1,11,Carlos Alcaraz,Holger Rune,1,1,0.5121001104513804,1
2023-wimbledon-1501,1,12,Carlos Alcaraz,Holger Rune,2,1,0.5123086472352346,0
2023-wimbledon-1501,1,13,Carlos Alcaraz,Holger Rune,1,1,0.5123413443565369,1
2023-wimbledon-1501,2,1,Carlos Alcaraz,Holger Rune,2,1,0.5123737454414368,0
2023-wimbledon-1501,2,2,Carlos Alcaraz,Holger Rune,1,1,0.5123849958181381,1
2023-wimbledon-1501,2,3,Carlos Alcaraz,Holger Rune,2,1,0.5123902916908264,0
2023-wimbledon-1501,2,4,Carlos Alcaraz,Holger Rune,1,1,0.5123927965760231,1
2023-wimbledon-1501,2,5,Carlos Alcaraz,Holger Rune,2,1,0.5123928189277649,0
2023-wimbledon-1501,2,6,Carlos Alcaraz,Holger Rune,1,1,0.5123928189277649,1
2023-wimbledon-1501,2,7,Carlos Alcaraz,Holger Rune,2,1,0.5123928189277649,0
2023-wimbledon-1501,2,8,Carlos Alcaraz,Holger Rune,1,1,0.5123928189277649,1
2023-wimbledon-1501,2,9,Carlos Alcaraz,Holger Rune,1,1,0.5123921533425649,1
2023-wimbledon-1501,2,10,Carlos Alcaraz,Holger Rune,1,1,0.5123936772346497,1
2023-wimbledon-1501,3,1,Carlos Alcaraz,Holger Rune,2,1,0.5123929232358932,0
2023-wimbledon-1501,3,2,Carlos Alcaraz,Holger Rune,1,1,0.5123928040266037,1
2023-wimbledon-1501,3,3,Carlos Alcaraz,Holger Rune,2,1,0.5123927891254425,0
2023-wimbledon-1501,3,4,Carlos Alcaraz,Holger Rune,1,1,0.5123928189277649,1
2023-wimbledon-1501,3,5,Carlos Alcaraz,Holger Rune,1,1,0.5123928189277649,1
2023-wimbledon-1501,3,6,Carlos Alcaraz,Holger Rune,1,1,0.5123928189277649,1
2023-wimbledon-1501,3,7,Carlos Alcaraz,Holger Rune,2,1,0.5123928189277649,0
2023-wimbledon-1501,3,8,Carlos Alcaraz,Holger Rune,1,1,0.5123928189277649,1
2023-wimbledon-1501,3,9,Carlos Alcaraz,Holger Rune,2,1,0.5123928189277649,0
2023-wimbledon-1501,3,10,Carlos Alcaraz,Holger Rune,1,1,0.5123923619588217,1
2023-wimbledon-1502,1,5,Daniil Medvedev,Christopher Eubanks,2,2,0.4649374380707741,1
2023-wimbledon-1502,1,6,Daniil Medvedev,Christopher Eubanks,1,2,0.4956258535385132,0
2023-wimbledon-1502,1,7,Daniil Medvedev,Christopher Eubanks,2,2,0.4949463854233424,1
2023-wimbledon-1502,1,8,Daniil Medvedev,Christopher Eubanks,1,1,0.5022073164582253,1
2023-wimbledon-1502,1,9,Daniil Medvedev,Christopher Eubanks,2,1,0.5081287324428558,0
2023-wimbledon-1502,1,10,Daniil Medvedev,Christopher Eubanks,1,1,0.5109603881835938,1
2023-wimbledon-1502,2,1,Daniil Medvedev,Christopher Eubanks,2,1,0.5112664818763732,0
2023-wimbledon-1502,2,2,Daniil Medvedev,Christopher Eubanks,1,1,0.5116659700870514,1
2023-wimbledon-1502,2,3,Daniil Medvedev,Christopher Eubanks,2,1,0.511861264705658,0
2023-wimbledon-1502,2,4,Daniil Medvedev,Christopher Eubanks,2,1,0.5121078590552012,0
2023-wimbledon-1502,2,5,Daniil Medvedev,Christopher Eubanks,2,1,0.5122949331998825,0
2023-wimbledon-1502,2,6,Daniil Medvedev,Christopher Eubanks,2,1,0.5123772993683815,0
2023-wimbledon-1502,2,7,Daniil Medvedev,Christopher Eubanks,2,1,0.5123910307884216,0
2023-wimbledon-1502,3,1,Daniil Medvedev,Christopher Eubanks,2,1,0.512392004330953,0
2023-wimbledon-1502,3,2,Daniil Medvedev,Christopher Eubanks,2,1,0.5123936980962753,0
2023-wimbledon-1502,3,3,Daniil Medvedev,Christopher Eubanks,1,1,0.5123930871486664,1
2023-wimbledon-1502,3,4,Daniil Medvedev,Christopher Eubanks,2,1,0.5123928427696228,0
2023-wimbledon-1502,3,5,Daniil Medvedev,Christopher Eubanks,1,1,0.5123927891254425,1
2023-wimbledon-1502,3,6,Daniil Medvedev,Christopher Eubanks,2,1,0.512392807006836,0
2023-wimbledon-1502,3,7,Daniil Medvedev,Christopher Eubanks,1,1,0.5123928189277649,1
2023-wimbledon-1502,3,8,Daniil Medvedev,Christopher Eubanks,2,1,0.5123928189277649,0
2023-wimbledon-1502,3,9,Daniil Medvedev,Christopher Eubanks,1,1,0.5123928189277649,1
2023-wimbledon-1502,3,10,Daniil Medvedev,Christopher Eubanks,2,1,0.5123928189277649,0
2023-wimbledon-1502,4,1,Daniil Medvedev,Christopher Eubanks,1,1,0.5123928189277649,1
2023-wimbledon-1502,4,2,Daniil Medvedev,Christopher Eubanks,2,1,0.5123928288618723,0
2023-wimbledon-1502,4,3,Daniil Medvedev,Christopher Eubanks,1,1,0.5123928338289261,1
2023-wimbledon-1502,4,4,Daniil Medvedev,Christopher Eubanks,2,1,0.5123927990595499,0
2023-wimbledon-1502,4,5,Daniil Medvedev,Christopher Eubanks,1,1,0.5123928189277649,1
2023-wimbledon-1502,4,6,Daniil Medvedev,Christopher Eubanks,2,1,0.5123928189277649,0
2023-wimbledon-1502,4,7,Daniil Medvedev,Christopher Eubanks,1,1,0.5123928189277649,1
2023-wimbledon-1502,4,8,Daniil Medvedev,Christopher Eubanks,2,1,0.512392669916153,0
2023-wimbledon-1502,4,9,Daniil Medvedev,Christopher Eubanks,1,1,0.5123929977416992,1
2023-wimbledon-1502,4,10,Daniil Medvedev,Christopher Eubanks,2,1,0.5123928427696228,0
2023-wimbledon-1502,4,11,Daniil Medvedev,Christopher Eubanks,1,1,0.5123928189277649,1
2023-wimbledon-1502,4,12,Daniil Medvedev,Christopher Eubanks,2,1,0.5123928189277649,0
2023-wimbledon-1502,4,13,Daniil Medvedev,Christopher Eubanks,1,1,0.5123928189277649,1
2023-wimbledon-1502,5,1,Daniil Medvedev,Christopher Eubanks,1,1,0.5123928189277649,1
2023-wimbledon-1502,5,2,Daniil Medvedev,Christopher Eubanks,1,1,0.5123927394549052,1
2023-wimbledon-1502,5,3,Daniil Medvedev,Christopher Eubanks,1,1,0.5123929182688395,1
2023-wimbledon-1502,5,4,Daniil Medvedev,Christopher Eubanks,1,1,0.5123928104128156,1
2023-wimbledon-1502,5,5,Daniil Medvedev,Christopher Eubanks,2,1,0.5123928189277649,0
2023-wimbledon-1502,5,6,Daniil Medvedev,Christopher Eubanks,1,1,0.5123928189277649,1
2023-wimbledon-1502,5,7,Daniil Medvedev,Christopher Eubanks,1,1,0.5123928010463714,1
2023-wimbledon-1503,1,5,Jannik Sinner,Roman Safiullin,2,2,0.40688057409392464,1
2023-wimbledon-1503,1,6,Jannik Sinner,Roman Safiullin,1,2,0.4892310440540314,0
2023-wimbledon-1503,1,7,Jannik Sinner,Roman Safiullin,2,2,0.4932929575443268,1
2023-wimbledon-1503,1,8,Jannik Sinner,Roman Safiullin,1,2,0.497713565826416,0
2023-wimbledon-1503,1,9,Jannik Sinner,Roman Safiullin,1,1,0.5036404490470886,1
2023-wimbledon-1503,1,10,Jannik Sinner,Roman Safiullin,1,1,0.5071794390678406,1
2023-wimbledon-1503,2,1,Jannik Sinner,Roman Safiullin,2,1,0.5101719697316488,0
2023-wimbledon-1503,2,2,Jannik Sinner,Roman Safiullin,1,1,0.511337012052536,1
2023-wimbledon-1503,2,3,Jannik Sinner,Roman Safiullin,1,1,0.5117162019014359,1
2023-wimbledon-1503,2,4,Jannik Sinner,Roman Safiullin,1,1,0.5119714587926865,1
2023-wimbledon-1503,2,5,Jannik Sinner,Roman Safiullin,2,1,0.5121891498565674,0
2023-wimbledon-1503,2,6,Jannik Sinner,Roman Safiullin,2,1,0.5123238960901896,0
2023-wimbledon-1503,2,7,Jannik Sinner,Roman Safiullin,2,1,0.5123769760131835,0
2023-wimbledon-1503,2,8,Jannik Sinner,Roman Safiullin,2,1,0.512389314174652,0
2023-wimbledon-1503,2,9,Jannik Sinner,Roman Safiullin,2,1,0.5123919695615768,0
2023-wimbledon-1503,3,1,Jannik Sinner,Roman Safiullin,1,1,0.5123926401138306,1
2023-wimbledon-1503,3,2,Jannik Sinner,Roman Safiullin,2,1,0.5123927593231201,0
2023-wimbledon-1503,3,3,Jannik Sinner,Roman Safiullin,1,1,0.5123928189277649,1
2023-wimbledon-1503,3,4,Jannik Sinner,Roman Safiullin,2,1,0.5123926252126694,0
2023-wimbledon-1503,3,5,Jannik Sinner,Roman Safiullin,1,1,0.5123937278985977,1
2023-wimbledon-1503,3,6,Jannik Sinner,Roman Safiullin,1,1,0.5123928884665171,1
2023-wimbledon-1503,3,7,Jannik Sinner,Roman Safiullin,1,1,0.5123926848173141,1
2023-wimbledon-1503,3,8,Jannik Sinner,Roman Safiullin,1,1,0.5123924165964127,1
2023-wimbledon-1503,4,1,Jannik Sinner,Roman Safiullin,1,1,0.5123932003974915,1
2023-wimbledon-1503,4,2,Jannik Sinner,Roman Safiullin,2,1,0.512392520904541,0
2023-wimbledon-1503,4,3,Jannik Sinner,Roman Safiullin,1,1,0.5123933553695679,1
2023-wimbledon-1503,4,4,Jannik Sinner,Roman Safiullin,2,1,0.5123928546905517,0
2023-wimbledon-1503,4,5,Jannik Sinner,Roman Safiullin,1,1,0.512392771244049,1
2023-wimbledon-1503,4,6,Jannik Sinner,Roman Safiullin,1,1,0.5123928189277649,1
2023-wimbledon-1503,4,7,Jannik Sinner,Roman Safiullin,1,1,0.5123928189277649,1
2023-wimbledon-1503,4,8,Jannik Sinner,Roman Safiullin,1,1,0.5123928189277649,1
2023-wimbledon-1504,1,4,Andrey Rublev,Novak Djokovic,1,2,0.2929455079138279,0
2023-wimbledon-1504,1,5,Andrey Rublev,Novak Djokovic,2,2,0.4974926471710205,1
2023-wimbledon-1504,1,6,Andrey Rublev,Novak Djokovic,1,2,0.49007202436526615,0
2023-wimbledon-1504,1,7,Andrey Rublev,Novak Djokovic,2,1,0.5013746172189713,0
2023-wimbledon-1504,1,8,Andrey Rublev,Novak Djokovic,1,1,0.5055916666984558,1
2023-wimbledon-1504,1,9,Andrey Rublev,Novak Djokovic,1,1,0.5073464959859848,1
2023-wimbledon-1504,1,10,Andrey Rublev,Novak Djokovic,1,1,0.5105322996775309,1
2023-wimbledon-1504,2,1,Andrey Rublev,Novak Djokovic,2,1,0.5116536319255829,0
2023-wimbledon-1504,2,2,Andrey Rublev,Novak Djokovic,2,1,0.5118244389692942,0
2023-wimbledon-1504,2,3,Andrey Rublev,Novak Djokovic,2,1,0.5121627688407898,0
2023-wimbledon-1504,2,4,Andrey Rublev,Novak Djokovic,2,1,0.5123555362224579,0
2023-wimbledon-1504,2,5,Andrey Rublev,Novak Djokovic,2,1,0.5123814791440964,0
2023-wimbledon-1504,2,6,Andrey Rublev,Novak Djokovic,1,1,0.5123912215232849,1
2023-wimbledon-1504,2,7,Andrey Rublev,Novak Djokovic,2,1,0.5123926997184753,0
2023-wimbledon-1504,3,1,Andrey Rublev,Novak Djokovic,1,1,0.5123927891254425,1
2023-wimbledon-1504,3,2,Andrey Rublev,Novak Djokovic,2,1,0.5123928189277649,0
2023-wimbledon-1504,3,3,Andrey Rublev,Novak Djokovic,1,1,0.5123927444219589,1
2023-wimbledon-1504,3,4,Andrey Rublev,Novak Djokovic,2,1,0.5123927891254425,0
2023-wimbledon-1504,3,5,Andrey Rublev,Novak Djokovic,2,1,0.5123906135559082,0
2023-wimbledon-1504,3,6,Andrey Rublev,Novak Djokovic,2,1,0.5123916864395142,0
2023-wimbledon-1504,3,7,Andrey Rublev,Novak Djokovic,1,1,0.512392520904541,1
2023-wimbledon-1504,3,8,Andrey Rublev,Novak Djokovic,2,1,0.512392783164978,0
2023-wimbledon-1504,3,9,Andrey Rublev,Novak Djokovic,1,1,0.5123928189277649,1
2023-wimbledon-1504,3,10,Andrey Rublev,Novak Djokovic,2,1,0.5123928189277649,0
2023-wimbledon-1504,4,1,Andrey Rublev,Novak Djokovic,1,1,0.5123928189277649,1
2023-wimbledon-1504,4,2,Andrey Rublev,Novak Djokovic,2,1,0.5123928189277649,0
2023-wimbledon-1504,4,3,Andrey Rublev,Novak Djokovic,2,1,0.5123928189277649,0
2023-wimbledon-1504,4,4,Andrey Rublev,Novak Djokovic,2,1,0.5123928189277649,0
2023-wimbledon-1504,4,5,Andrey Rublev,Novak Djokovic,1,1,0.5123928189277649,1
2023-wimbledon-1504,4,6,Andrey Rublev,Novak Djokovic,2,1,0.5123928189277649,0
2023-wimbledon-1504,4,7,Andrey Rublev,Novak Djokovic,1,1,0.5123928189277649,1
2023-wimbledon-1504,4,8,Andrey Rublev,Novak Djokovic,2,1,0.5123928189277649,0
2023-wimbledon-1504,4,9,Andrey Rublev,Novak Djokovic,2,1,0.5123928189277649,0
2023-wimbledon-1601,1,4,Carlos Alcaraz,Daniil Medvedev,2,2,0.3593633309006691,1
2023-wimbledon-1601,1,5,Carlos Alcaraz,Daniil Medvedev,1,2,0.4861861715714137,0
2023-wimbledon-1601,1,6,Carlos Alcaraz,Daniil Medvedev,2,2,0.4880567044019699,1
2023-wimbledon-1601,1,7,Carlos Alcaraz,Daniil Medvedev,1,2,0.4952945411205292,0
2023-wimbledon-1601,1,8,Carlos Alcaraz,Daniil Medvedev,1,1,0.5040592948595682,1
2023-wimbledon-1601,1,9,Carlos Alcaraz,Daniil Medvedev,1,1,0.507354810833931,1
2023-wimbledon-1601,2,1,Carlos Alcaraz,Daniil Medvedev,2,1,0.5083088874816895,0
2023-wimbledon-1601,2,2,Carlos Alcaraz,Daniil Medvedev,1,1,0.5111826658248901,1
2023-wimbledon-1601,2,3,Carlos Alcaraz,Daniil Medvedev,1,1,0.5107633918523788,1
2023-wimbledon-1601,2,4,Carlos Alcaraz,Daniil Medvedev,1,1,0.5119837820529938,1
2023-wimbledon-1601,2,5,Carlos Alcaraz,Daniil Medvedev,2,1,0.5122310817241669,0
2023-wimbledon-1601,2,6,Carlos Alcaraz,Daniil Medvedev,1,1,0.5123298019170761,1
2023-wimbledon-1601,2,7,Carlos Alcaraz,Daniil Medvedev,2,1,0.5123835901419321,0
2023-wimbledon-1601,2,8,Carlos Alcaraz,Daniil Medvedev,1,1,0.5123906135559082,1
2023-wimbledon-1601,2,9,Carlos Alcaraz,Daniil Medvedev,1,1,0.5123924513657888,1
2023-wimbledon-1601,3,1,Carlos Alcaraz,Daniil Medvedev,1,1,0.5123927444219589,1
2023-wimbledon-1601,3,2,Carlos Alcaraz,Daniil Medvedev,1,1,0.512382423877716,1
2023-wimbledon-1601,3,3,Carlos Alcaraz,Daniil Medvedev,1,1,0.512400617202123,1
2023-wimbledon-1601,3,4,Carlos Alcaraz,Daniil Medvedev,2,1,0.5123951037724813,0
2023-wimbledon-1601,3,5,Carlos Alcaraz,Daniil Medvedev,2,1,0.512392520904541,0
2023-wimbledon-1601,3,6,Carlos Alcaraz,Daniil Medvedev,1,1,0.5123927146196365,1
2023-wimbledon-1601,3,7,Carlos Alcaraz,Daniil Medvedev,2,1,0.5123931765556335,0
2023-wimbledon-1601,3,8,Carlos Alcaraz,Daniil Medvedev,1,1,0.5123920937379202,1
2023-wimbledon-1601,3,9,Carlos Alcaraz,Daniil Medvedev,1,1,0.512393573919932,1
2023-wimbledon-1602,1,3,Jannik Sinner,Novak Djokovic,2,2,0.2937079332768917,1
2023-wimbledon-1602,1,4,Jannik Sinner,Novak Djokovic,1,2,0.49704659581184385,0
2023-wimbledon-1602,1,5,Jannik Sinner,Novak Djokovic,2,2,0.4867944084107876,1
2023-wimbledon-1602,1,6,Jannik Sinner,Novak Djokovic,1,2,0.49504493176937103,0
2023-wimbledon-1602,1,7,Jannik Sinner,Novak Djokovic,2,1,0.5020241141319275,0
2023-wimbledon-1602,1,8,Jannik Sinner,Novak Djokovic,1,1,0.5047751188278198,1
2023-wimbledon-1602,1,9,Jannik Sinner,Novak Djokovic,2,1,0.5079298615455627,0
2023-wimbledon-1602,2,1,Jannik Sinner,Novak Djokovic,1,1,0.5105531712373098,1
2023-wimbledon-1602,2,2,Jannik Sinner,Novak Djokovic,2,1,0.5113265117009481,0
2023-wimbledon-1602,2,3,Jannik Sinner,Novak Djokovic,2,1,0.5121591488520304,0
2023-wimbledon-1602,2,4,Jannik Sinner,Novak Djokovic,2,1,0.512354052066803,0
2023-wimbledon-1602,2,5,Jannik Sinner,Novak Djokovic,1,1,0.5123906254768371,1
2023-wimbledon-1602,2,6,Jannik Sinner,Novak Djokovic,2,1,0.5123925730586052,0
2023-wimbledon-1602,2,7,Jannik Sinner,Novak Djokovic,1,1,0.5123927891254425,1
2023-wimbledon-1602,2,8,Jannik Sinner,Novak Djokovic,2,1,0.5123928189277649,0
2023-wimbledon-1602,2,9,Jannik Sinner,Novak Djokovic,1,1,0.5123928189277649,1
2023-wimbledon-1602,2,10,Jannik Sinner,Novak Djokovic,2,1,0.5123928189277649,0
2023-wimbledon-1602,3,1,Jannik Sinner,Novak Djokovic,1,1,0.5123928189277649,1
2023-wimbledon-1602,3,2,Jannik Sinner,Novak Djokovic,2,1,0.5123928189277649,0
2023-wimbledon-1602,3,3,Jannik Sinner,Novak Djokovic,1,1,0.5123928189277649,1
2023-wimbledon-1602,3,4,Jannik Sinner,Novak Djokovic,2,1,0.5123928189277649,0
2023-wimbledon-1602,3,5,Jannik Sinner,Novak Djokovic,1,1,0.5123928189277649,1
2023-wimbledon-1602,3,6,Jannik Sinner,Novak Djokovic,2,1,0.5123928189277649,0
2023-wimbledon-1602,3,7,Jannik Sinner,Novak Djokovic,1,1,0.5123928189277649,1
2023-wimbledon-1602,3,8,Jannik Sinner,Novak Djokovic,2,1,0.5123928189277649,0
2023-wimbledon-1602,3,9,Jannik Sinner,Novak Djokovic,1,1,0.5123928189277649,1
2023-wimbledon-1602,3,10,Jannik Sinner,Novak Djokovic,2,1,0.5123928189277649,0
2023-wimbledon-1602,3,11,Jannik Sinner,Novak Djokovic,1,1,0.5123927474021912,1
2023-wimbledon-1602,3,12,Jannik Sinner,Novak Djokovic,2,1,0.5123928487300873,0
2023-wimbledon-1602,3,13,Jannik Sinner,Novak Djokovic,2,1,0.5123928080905568,0
2023-wimbledon-1701,1,3,Carlos Alcaraz,Novak Djokovic,2,2,0.14403827860951424,1
2023-wimbledon-1701,1,4,Carlos Alcaraz,Novak Djokovic,2,2,0.4928017780184746,1
2023-wimbledon-1701,1,5,Carlos Alcaraz,Novak Djokovic,2,2,0.4904170513153076,1
2023-wimbledon-1701,1,6,Carlos Alcaraz,Novak Djokovic,1,1,0.5003625551859537,1
2023-wimbledon-1701,1,7,Carlos Alcaraz,Novak Djokovic,2,1,0.5052800178527832,0
2023-wimbledon-1701,2,1,Carlos Alcaraz,Novak Djokovic,1,1,0.5070827007293701,1
2023-wimbledon-1701,2,2,Carlos Alcaraz,Novak Djokovic,1,1,0.5093244850635529,1
2023-wimbledon-1701,2,3,Carlos Alcaraz,Novak Djokovic,2,1,0.5119166746735573,0
2023-wimbledon-1701,2,4,Carlos Alcaraz,Novak Djokovic,2,1,0.5117620229721069,0
2023-wimbledon-1701,2,5,Carlos Alcaraz,Novak Djokovic,1,1,0.5119780778884888,1
2023-wimbledon-1701,2,6,Carlos Alcaraz,Novak Djokovic,2,1,0.5123330454031626,0
2023-wimbledon-1701,2,7,Carlos Alcaraz,Novak Djokovic,1,1,0.5123841464519501,1
2023-wimbledon-1701,2,8,Carlos Alcaraz,Novak Djokovic,2,1,0.5123921990394592,0
2023-wimbledon-1701,2,9,Carlos Alcaraz,Novak Djokovic,1,1,0.5123926162719726,1
2023-wimbledon-1701,2,10,Carlos Alcaraz,Novak Djokovic,2,1,0.5123928114771843,0
2023-wimbledon-1701,2,11,Carlos Alcaraz,Novak Djokovic,1,1,0.5123928189277649,1
2023-wimbledon-1701,2,12,Carlos Alcaraz,Novak Djokovic,2,1,0.5123926301797231,0
2023-wimbledon-1701,2,13,Carlos Alcaraz,Novak Djokovic,1,1,0.5123929125922067,1
2023-wimbledon-1701,3,1,Carlos Alcaraz,Novak Djokovic,1,1,0.5123928114771843,1
2023-wimbledon-1701,3,2,Carlos Alcaraz,Novak Djokovic,1,1,0.5123928189277649,1
2023-wimbledon-1701,3,3,Carlos Alcaraz,Novak Djokovic,2,1,0.5123928189277649,0
2023-wimbledon-1701,3,4,Carlos Alcaraz,Novak Djokovic,1,1,0.5123928189277649,1
2023-wimbledon-1701,3,5,Carlos Alcaraz,Novak Djokovic,1,1,0.5123928152024746,1
2023-wimbledon-1701,3,6,Carlos Alcaraz,Novak Djokovic,1,1,0.5123928189277649,1
2023-wimbledon-1701,3,7,Carlos Alcaraz,Novak Djokovic,1,1,0.5123928189277649,1
2023-wimbledon-1701,4,1,Carlos Alcaraz,Novak Djokovic,1,1,0.5123927692572275,1
2023-wimbledon-1701,4,2,Carlos Alcaraz,Novak Djokovic,2,1,0.5123928487300873,0
2023-wimbledon-1701,4,3,Carlos Alcaraz,Novak Djokovic,1,1,0.5123928089936575,1
2023-wimbledon-1701,4,4,Carlos Alcaraz,Novak Djokovic,2,1,0.5123928263783455,0
2023-wimbledon-1701,4,5,Carlos Alcaraz,Novak Djokovic,2,1,0.5123928189277649,0
2023-wimbledon-1701,4,6,Carlos Alcaraz,Novak Djokovic,2,1,0.5123928189277649,0
2023-wimbledon-1701,4,7,Carlos Alcaraz,Novak Djokovic,1,1,0.5123928189277649,1
2023-wimbledon-1701,4,8,Carlos Alcaraz,Novak Djokovic,2,1,0.5123928189277649,0
2023-wimbledon-1701,4,9,Carlos Alcaraz,Novak Djokovic,2,1,0.512392795085907,0
2023-wimbledon-1701,5,1,Carlos Alcaraz,Novak Djokovic,2,1,0.5123928129673004,0
2023-wimbledon-1701,5,2,Carlos Alcaraz,Novak Djokovic,1,1,0.5123928189277649,1
2023-wimbledon-1701,5,3,Carlos Alcaraz,Novak Djokovic,1,1,0.5123928189277649,1
2023-wimbledon-1701,5,4,Carlos Alcaraz,Novak Djokovic,1,1,0.5123928189277649,1
2023-wimbledon-1701,5,5,Carlos Alcaraz,Novak Djokovic,2,1,0.5123928189277649,0
2023-wimbledon-1701,5,6,Carlos Alcaraz,Novak Djokovic,1,1,0.5123928189277649,1
2023-wimbledon-1701,5,7,Carlos Alcaraz,Novak Djokovic,2,1,0.5123928189277649,0
2023-wimbledon-1701,5,8,Carlos Alcaraz,Novak Djokovic,1,1,0.5123928189277649,1
2023-wimbledon-1701,5,9,Carlos Alcaraz,Novak Djokovic,2,1,0.5123928189277649,0
2023-wimbledon-1701,5,10,Carlos Alcaraz,Novak Djokovic,1,1,0.5123928189277649,1
